undl_id,date,session,resolution,draft,committee_report,meeting,title,agenda_title,subjects,total_yes,total_no,total_abstentions,total_non_voting,total_ms,undl_link,AFGHANISTAN,ALBANIA,ALGERIA,ANDORRA,ANGOLA,ANTIGUA AND BARBUDA,ARGENTINA,ARMENIA,AUSTRALIA,AUSTRIA,AZERBAIJAN,BAHAMAS,BAHRAIN,BANGLADESH,BARBADOS,BELARUS,BELGIUM,BELIZE,BENIN,BHUTAN,BOLIVIA,BOLIVIA (PLURINATIONAL STATE OF),BOSNIA AND HERZEGOVINA,BOTSWANA,BRAZIL,BRUNEI DARUSSALAM,BULGARIA,BURKINA FASO,BURMA,BURUNDI,BYELORUSSIAN SSR,CABO VERDE,CAMBODIA,CAMEROON,CANADA,CAPE VERDE,CENTRAL AFRICAN EMPIRE,CENTRAL AFRICAN REPUBLIC,CEYLON,CHAD,CHILE,CHINA,COLOMBIA,COMOROS,CONGO,CONGO (BRAZZAVILLE),CONGO (DEMOCRATIC REPUBLIC OF),CONGO (LEOPOLDVILLE),COSTA RICA,COTE D'IVOIRE,CROATIA,CUBA,CYPRUS,CZECH REPUBLIC,CZECHIA,CZECHOSLOVAKIA,CÔTE D'IVOIRE,DAHOMEY,DEMOCRATIC KAMPUCHEA,DEMOCRATIC PEOPLE'S REPUBLIC OF KOREA,DEMOCRATIC REPUBLIC OF THE CONGO,DEMOCRATIC YEMEN,DENMARK,DJIBOUTI,DOMINICA,DOMINICAN REPUBLIC,ECUADOR,EGYPT,EL SALVADOR,EQUATORIAL GUINEA,ERITREA,ESTONIA,ESWATINI,ETHIOPIA,FEDERATION OF MALAYA,FIJI,FINLAND,FRANCE,GABON,GAMBIA,GEORGIA,GERMAN DEMOCRATIC REPUBLIC,GERMANY,"GERMANY, FEDERAL REPUBLIC OF",GHANA,GREECE,GRENADA,GUATEMALA,GUINEA,GUINEA-BISSAU,GUYANA,HAITI,HONDURAS,HUNGARY,ICELAND,INDIA,INDONESIA,IRAN,IRAN (ISLAMIC REPUBLIC OF),IRAQ,IRELAND,ISRAEL,ITALY,IVORY COAST,JAMAICA,JAPAN,JORDAN,KAZAKHSTAN,KENYA,KHMER REPUBLIC,KIRIBATI,KUWAIT,KYRGYZSTAN,LAO PEOPLE'S DEMOCRATIC REPUBLIC,LAO PEOPLE's DEMOCRATIC REPUBLIC,LAOS,LATVIA,LEBANON,LESOTHO,LIBERIA,LIBYA,LIBYAN ARAB JAMAHIRIYA,LIBYAN ARAB REPUBLIC,LIECHTENSTEIN,LITHUANIA,LUXEMBOURG,MADAGASCAR,MALAWI,MALAYSIA,MALDIVE ISLANDS,MALDIVES,MALI,MALTA,MARSHALL ISLANDS,MAURITANIA,MAURITIUS,MEXICO,MICRONESIA (FEDERATED STATES OF),MONACO,MONGOLIA,MONTENEGRO,MOROCCO,MOZAMBIQUE,MYANMAR,NAMIBIA,NAURU,NEPAL,NETHERLANDS,NETHERLANDS (KINGDOM OF THE),NEW ZEALAND,NICARAGUA,NIGER,NIGERIA,NORTH MACEDONIA,NORWAY,OMAN,PAKISTAN,PALAU,PANAMA,PAPUA NEW GUINEA,PARAGUAY,PERU,PHILIPPINE REPUBLIC,PHILIPPINES,POLAND,PORTUGAL,QATAR,REPUBLIC OF KOREA,REPUBLIC OF MOLDOVA,ROMANIA,RUSSIAN FEDERATION,RWANDA,SAINT CHRISTOPHER AND NEVIS,SAINT KITTS AND NEVIS,SAINT LUCIA,SAINT VINCENT AND THE GRENADINES,SAMOA,SAN MARINO,SAO TOME AND PRINCIPE,SAUDI ARABIA,SENEGAL,SERBIA,SERBIA AND MONTENEGRO,SEYCHELLES,SIAM,SIERRA LEONE,SINGAPORE,SLOVAKIA,SLOVENIA,SOLOMON ISLANDS,SOMALIA,SOUTH AFRICA,SOUTH SUDAN,SOUTHERN YEMEN,SPAIN,SRI LANKA,SUDAN,SURINAM,SURINAME,SWAZILAND,SWEDEN,SWITZERLAND,SYRIA,SYRIAN ARAB REPUBLIC,TAJIKISTAN,TANGANYIKA,THAILAND,THE FORMER YUGOSLAV REPUBLIC OF MACEDONIA,TIMOR-LESTE,TOGO,TONGA,TRINIDAD AND TOBAGO,TUNISIA,TURKEY,TURKMENISTAN,TUVALU,TÜRKIYE,TÜRKÝYE,TÜRKİYE,UGANDA,UKRAINE,UKRAINIAN SSR,UNION OF SOUTH AFRICA,UNITED ARAB EMIRATES,UNITED ARAB REPUBLIC,UNITED KINGDOM,UNITED REPUBLIC OF CAMEROON,UNITED REPUBLIC OF TANZANIA,UNITED STATES,UPPER VOLTA,URUGUAY,USSR,UZBEKISTAN,VANUATU,VENEZUELA,VENEZUELA (BOLIVARIAN REPUBLIC OF),VIET NAM,YEMEN,YUGOSLAVIA,ZAIRE,ZAMBIA,ZANZIBAR,ZIMBABWE
278340,1983-10-27,38,A/RES/38/3,A/38/L.2|A/38/L.2/Add.1,,A/38/PV.38,The situation in Kampuchea : resolution / adopted by the General Assembly,Situation in Kampuchea.,KAMPUCHEA SITUATION,105.0,23.0,19.0,11.0,158.0,https://digitallibrary.un.org/record/278340,N,N,A,,N,Y,Y,,Y,Y,,Y,Y,Y,Y,N,Y,Y,A,Y,Y,,,Y,Y,,N,A,,Y,,,Y,Y,Y,A,,Y,,Y,Y,Y,Y,Y,N,,,,Y,,,N,X,,,N,,,,,,N,Y,Y,Y,Y,Y,Y,Y,Y,,,,N,,Y,A,Y,Y,Y,,N,,Y,A,Y,X,Y,Y,A,N,Y,Y,N,Y,A,Y,,X,A,Y,Y,Y,Y,Y,Y,X,,Y,,,Y,,N,,,,A,Y,Y,,N,,,,Y,A,A,Y,,Y,Y,Y,,Y,Y,A,,,N,,Y,N,Y,,,Y,Y,,Y,N,Y,Y,,Y,Y,Y,,A,Y,Y,Y,,Y,N,Y,Y,,,X,,Y,,X,Y,X,Y,,A,Y,Y,,,X,,Y,Y,,,Y,Y,X,,,Y,Y,Y,,Y,Y,Y,,,N,,,Y,,,Y,,A,Y,Y,,,,,,A,N,,,Y,,Y,,A,Y,,Y,N,,X,Y,,N,X,Y,Y,Y,,A
278341,1983-11-02,38,A/RES/38/7,A/38/L.8|A/38/L.8/Add.1,,A/38/PV.43,The situation in Grenada : resolution / adopted by the General Assembly,Situation in Grenada.,GRENADA SITUATION,108.0,9.0,27.0,14.0,158.0,https://digitallibrary.un.org/record/278341,Y,X,Y,,Y,N,Y,,Y,Y,,Y,Y,Y,N,Y,A,A,Y,Y,Y,,,Y,Y,,Y,Y,,Y,,,X,A,A,Y,,A,,A,Y,Y,Y,Y,Y,,,,Y,,,Y,Y,,,Y,,,,,,Y,Y,X,N,Y,Y,Y,N,A,,,,Y,,A,Y,Y,X,A,,Y,,A,Y,Y,Y,A,Y,Y,Y,A,A,Y,Y,Y,Y,,Y,Y,Y,N,Y,A,N,A,Y,,X,,,Y,,Y,,,,X,Y,X,,Y,,,,A,Y,A,Y,,Y,Y,Y,,Y,Y,Y,,,Y,,X,Y,Y,,,Y,Y,,A,Y,Y,Y,,Y,X,Y,,Y,Y,A,Y,,A,Y,Y,Y,,,Y,,X,,X,N,N,A,,Y,Y,X,,,Y,,Y,Y,,,A,Y,X,,,Y,Y,A,,Y,Y,Y,,,Y,,,Y,,,A,,Y,X,A,,,,,,Y,Y,,,Y,,A,,Y,N,,Y,Y,,Y,Y,,Y,Y,Y,A,Y,,Y
278342,1983-11-10,38,A/RES/38/9,A/38/L.7/Rev.2,,A/38/PV.52,"Armed Israeli aggression against the Iraqi nuclear installations and its grave consequences for the established international system concerning the peaceful uses of nuclear energy, the non-proliferation of nuclear weapons and international peace and security : resolution / adopted by the General Assembly","Armed Israeli aggression against the Iraqi nuclear installations and its grave consequences for the established international system concerning the peaceful uses of nuclear energy, the non-proliferation of nuclear weapons and international peace and security.",IRAQ--ISRAEL,123.0,2.0,12.0,21.0,158.0,https://digitallibrary.un.org/record/278342,Y,Y,Y,,Y,X,Y,,A,Y,,A,Y,Y,A,Y,Y,X,Y,Y,Y,,,X,Y,,Y,Y,,Y,,,Y,Y,Y,Y,,Y,,Y,A,Y,A,Y,Y,,,,X,,,Y,Y,,,Y,,,,,,Y,Y,Y,X,X,Y,Y,Y,X,,,,Y,,A,Y,Y,Y,Y,,Y,,Y,Y,Y,Y,A,Y,Y,Y,A,X,Y,Y,Y,Y,,X,Y,Y,N,Y,A,A,Y,Y,,Y,,,Y,,Y,,,,Y,Y,X,,Y,,,,Y,Y,A,Y,,Y,Y,Y,,Y,Y,Y,,,Y,,Y,Y,X,,,Y,Y,,Y,Y,Y,X,,Y,Y,Y,,Y,Y,A,Y,,Y,Y,Y,Y,,,Y,,Y,,X,X,X,Y,,Y,Y,Y,,,X,,Y,Y,,,Y,Y,X,,,Y,Y,Y,,X,X,Y,,,Y,,,Y,,,Y,,Y,Y,Y,,,,,,Y,Y,,,Y,,Y,,Y,N,,Y,Y,,X,Y,,Y,Y,Y,X,Y,,Y
278343,1983-11-15,38,A/RES/38/11,A/38/L.15|A/38/L.15/Add.1,,A/38/PV.56,Proposed new racial constitution of South Africa : resolution / adopted by the General Assembly,Policies of apartheid of the Government of South Africa.,APARTHEID,141.0,0.0,7.0,10.0,158.0,https://digitallibrary.un.org/record/278343,Y,Y,Y,,Y,Y,Y,,Y,Y,,Y,Y,Y,Y,Y,A,X,Y,Y,Y,,,Y,Y,,Y,Y,,Y,,,Y,Y,Y,Y,,Y,,X,Y,Y,Y,Y,X,,,,Y,,,Y,Y,,,Y,,,,,,Y,Y,Y,X,Y,Y,Y,Y,Y,,,,Y,,Y,Y,Y,Y,Y,,Y,,A,Y,Y,X,X,Y,Y,Y,Y,Y,Y,Y,Y,Y,,Y,Y,Y,X,Y,Y,Y,Y,Y,,Y,,,Y,,Y,,,,Y,Y,Y,,Y,,,,A,Y,Y,Y,,Y,Y,Y,,Y,Y,Y,,,Y,,Y,Y,Y,,,Y,A,,Y,Y,Y,Y,,Y,Y,Y,,Y,Y,X,Y,,Y,Y,A,Y,,,Y,,Y,,X,Y,Y,Y,,Y,Y,Y,,,Y,,Y,Y,,,Y,Y,X,,,Y,Y,Y,,Y,Y,Y,,,Y,,,Y,,,Y,,Y,Y,Y,,,,,,Y,Y,,,Y,,A,,Y,A,,Y,Y,,Y,Y,,Y,Y,Y,Y,Y,,Y
278344,1983-11-16,38,A/RES/38/12,A/38/L.12,,A/38/PV.59,Question of the Falkland Islands (Malvinas) : resolution / adopted by the General Assembly,Question of the Falkland Islands (Malvinas).,FALKLAND ISLANDS (MALVINAS),87.0,9.0,54.0,8.0,158.0,https://digitallibrary.un.org/record/278344,Y,Y,Y,,Y,X,Y,,A,Y,,A,A,A,A,Y,A,N,Y,A,Y,,,Y,Y,,Y,Y,,Y,,,Y,Y,A,Y,,Y,,A,Y,Y,Y,Y,Y,,,,Y,,,Y,X,,,Y,,,,,,Y,A,X,N,Y,Y,Y,Y,Y,,,,Y,,A,A,A,Y,N,,Y,,A,Y,A,X,Y,Y,Y,Y,Y,Y,Y,A,Y,Y,,Y,Y,A,A,A,Y,A,Y,A,,A,,,A,,Y,,,,A,A,A,,Y,,,,A,Y,N,Y,,A,Y,Y,,Y,A,Y,,,Y,,Y,X,A,,,A,A,,N,Y,A,Y,,A,N,Y,,Y,Y,Y,Y,,Y,Y,A,A,,,Y,,Y,,A,A,A,A,,X,A,A,,,X,,A,A,,,N,A,X,,,Y,N,A,,Y,A,A,,,Y,,,A,,,Y,,A,Y,A,,,,,,Y,Y,,,A,,N,,Y,Y,,Y,Y,,A,Y,,Y,Y,Y,A,Y,,Y
278639,1983-11-21,38,A/RES/38/13,A/38/L.19,,A/38/PV.65,Question of the Comorian island of Mayotte : resolution / adopted by the General Assembly,Question of the Comorian Island of Mayotte.,COMORIAN ISLAND OF MAYOTTE,115.0,1.0,24.0,18.0,158.0,https://digitallibrary.un.org/record/278639,Y,Y,Y,,Y,Y,Y,,A,A,,Y,Y,Y,Y,Y,A,X,Y,Y,Y,,,Y,Y,,Y,Y,,Y,,,Y,Y,A,Y,,Y,,Y,Y,Y,Y,Y,Y,,,,Y,,,Y,X,,,Y,,,,,,Y,A,Y,X,Y,Y,Y,Y,X,,,,Y,,Y,Y,N,Y,Y,,Y,,A,Y,A,X,X,Y,Y,X,Y,A,Y,A,Y,Y,,Y,Y,A,A,A,Y,Y,A,A,,Y,,,Y,,X,,,,A,Y,X,,Y,,,,A,Y,Y,Y,,Y,Y,Y,,Y,Y,Y,,,Y,,Y,Y,Y,,,Y,A,,A,Y,Y,Y,,A,Y,Y,,X,Y,Y,Y,,Y,Y,A,Y,,,Y,,Y,,X,X,X,X,,Y,Y,Y,,,X,,Y,Y,,,X,Y,X,,,A,Y,X,,Y,Y,Y,,,Y,,,Y,,,Y,,Y,Y,Y,,,,,,Y,Y,,,Y,,A,,Y,A,,Y,Y,,Y,Y,,Y,Y,Y,A,Y,,Y
278640,1983-11-22,38,A/RES/38/17,,A/38/542,A/38/PV.66,Importance of the universal realization of the right of peoples to self-determination and of the speedy granting of independence to colonial countries and peoples for the effective guarantee and observance of human rights : resolution / adopted by the General Assembly,Importance of the universal realization of the right of peoples to self-determination and of the speedy granting of independence to colonial countries and peoples for the effective guarantee and observance of human rights.,SELF-DETERMINATION OF PEOPLES,104.0,17.0,6.0,31.0,158.0,https://digitallibrary.un.org/record/278640,Y,Y,Y,,Y,X,Y,,N,A,,Y,Y,Y,X,Y,N,X,X,Y,Y,,,Y,Y,,Y,Y,,Y,,,Y,Y,N,Y,,X,,X,Y,Y,X,X,Y,,,,X,,,Y,Y,,,Y,,,,,,Y,N,Y,X,Y,Y,Y,Y,X,,,,Y,,Y,N,N,Y,X,,Y,,N,X,A,X,X,Y,Y,Y,X,X,Y,N,Y,Y,,Y,Y,A,N,N,X,Y,A,Y,,Y,,,Y,,Y,,,,Y,Y,X,,Y,,,,N,Y,X,Y,,Y,Y,Y,,Y,Y,Y,,,Y,,Y,Y,Y,,,Y,N,,N,Y,X,Y,,N,Y,Y,,Y,Y,Y,Y,,Y,Y,A,Y,,,Y,,Y,,X,Y,X,X,,Y,Y,Y,,,X,,X,Y,,,X,Y,X,,,A,Y,Y,,Y,Y,N,,,Y,,,Y,,,Y,,Y,Y,Y,,,,,,Y,Y,,,Y,,N,,Y,N,,Y,Y,,X,Y,,Y,Y,Y,X,Y,,X
278641,1983-11-22,38,A/RES/38/19,,A/38/543,A/38/PV.66,Status of the International Convention on the Suppression and Punishment of the Crime of Apartheid : resolution / adopted by the General Assembly,Status of the International Convention on the Suppression and Punishment of the Crime of Apartheid.,,110.0,1.0,23.0,24.0,158.0,https://digitallibrary.un.org/record/278641,Y,Y,Y,,Y,X,Y,,A,A,,Y,Y,Y,X,Y,A,X,X,Y,Y,,,Y,Y,,Y,Y,,Y,,,Y,Y,A,Y,,X,,Y,Y,Y,Y,X,Y,,,,Y,,,Y,Y,,,Y,,,,,,Y,A,Y,X,Y,Y,Y,Y,X,,,,Y,,Y,A,A,Y,X,,Y,,A,X,A,X,Y,Y,Y,Y,X,Y,Y,A,Y,Y,,Y,Y,A,X,A,X,Y,A,Y,,Y,,,Y,,Y,,,,Y,Y,Y,,Y,,,,A,Y,A,Y,,Y,Y,Y,,Y,Y,Y,,,X,,Y,Y,Y,,,Y,A,,A,Y,X,Y,,A,Y,Y,,Y,Y,X,Y,,Y,Y,A,Y,,,Y,,Y,,X,Y,X,Y,,Y,Y,Y,,,X,,X,Y,,,Y,Y,X,,,A,Y,Y,,Y,A,A,,,Y,,,Y,,,Y,,Y,Y,Y,,,,,,Y,Y,,,Y,,A,,Y,N,,Y,Y,,X,Y,,Y,Y,Y,Y,Y,,X
278642,1983-11-22,38,A/RES/38/25,,A/38/572,A/38/PV.66,National experience in achieving far-reaching social and economic changes for the purpose of social progress : resolution / adopted by the General Assembly,World social situation.,SOCIAL CONDITIONS,131.0,1.0,8.0,18.0,158.0,https://digitallibrary.un.org/record/278642,Y,Y,Y,,Y,X,Y,,A,Y,,Y,Y,Y,Y,Y,Y,X,X,Y,Y,,,Y,Y,,Y,Y,,Y,,,Y,Y,A,Y,,X,,Y,Y,Y,Y,Y,Y,,,,Y,,,Y,Y,,,Y,,,,,,Y,Y,Y,X,Y,Y,Y,Y,X,,,,Y,,Y,Y,Y,Y,X,,Y,,A,X,Y,X,Y,Y,Y,Y,X,Y,Y,Y,Y,Y,,Y,Y,Y,A,A,X,Y,A,Y,,Y,,,Y,,Y,,,,Y,Y,Y,,Y,,,,Y,Y,Y,Y,,Y,Y,Y,,Y,Y,Y,,,Y,,Y,Y,Y,,,Y,Y,,A,Y,X,Y,,Y,Y,Y,,Y,Y,X,Y,,Y,Y,Y,Y,,,Y,,Y,,X,Y,X,Y,,Y,Y,Y,,,X,,Y,Y,,,Y,Y,X,,,Y,Y,Y,,Y,Y,Y,,,Y,,,Y,,,Y,,Y,Y,Y,,,,,,Y,Y,,,Y,,A,,Y,N,,Y,Y,,X,Y,,Y,Y,Y,Y,Y,,Y
278643,1983-11-23,38,A/RES/38/29,A/38/L.17|A/38/L.17/Add.1,,A/38/PV.69,The situation in Afghanistan and its implications for international peace and security : resolution / adopted by the General Assembly,Situation in Afghanistan and its implications for international peace and security.,AFGHANISTAN SITUATION,116.0,20.0,17.0,5.0,158.0,https://digitallibrary.un.org/record/278643,N,Y,A,,N,Y,Y,,Y,Y,,Y,Y,Y,Y,N,Y,Y,A,X,Y,,,Y,Y,,N,A,,Y,,,Y,Y,Y,A,,Y,,Y,Y,Y,Y,Y,A,,,,Y,,,N,A,,,N,,,,,,N,Y,Y,Y,Y,Y,Y,Y,X,,,,N,,Y,A,Y,Y,Y,,N,,Y,Y,Y,X,Y,Y,A,Y,Y,Y,N,Y,A,Y,,Y,A,Y,Y,Y,Y,Y,Y,Y,,Y,,,Y,,N,,,,Y,Y,Y,,N,,,,Y,N,A,Y,,Y,A,Y,,Y,Y,Y,,,N,,Y,N,Y,,,Y,Y,,Y,A,Y,Y,,Y,Y,Y,,Y,Y,Y,Y,,Y,N,Y,Y,,,X,,Y,,Y,Y,Y,Y,,A,Y,Y,,,A,,Y,Y,,,Y,Y,X,,,Y,Y,Y,,Y,Y,Y,,,N,,,Y,,,Y,,Y,Y,Y,,,,,,A,N,,,Y,,Y,,Y,Y,,Y,N,,Y,Y,,N,A,Y,Y,Y,,Y
278644,1983-11-25,38,A/RES/38/34,A/38/L.29/Rev.1,,A/38/PV.71,Return or restitution of cultural property to the countries of origin : resolution / adopted by the General Assembly,Return or restitution of cultural property to the countries of origin.,CULTURAL PROPERTY--RESTITUTION,123.0,0.0,13.0,22.0,158.0,https://digitallibrary.un.org/record/278644,X,Y,Y,,X,X,Y,,Y,A,,X,Y,X,Y,Y,A,X,Y,Y,Y,,,Y,Y,,Y,X,,Y,,,Y,Y,Y,Y,,Y,,Y,Y,Y,Y,Y,Y,,,,Y,,,Y,Y,,,Y,,,,,,Y,A,Y,X,X,Y,Y,Y,X,,,,Y,,Y,Y,A,Y,X,,Y,,A,Y,Y,X,Y,Y,Y,Y,X,Y,X,Y,Y,Y,,Y,Y,A,A,A,Y,Y,Y,Y,,Y,,,Y,,Y,,,,Y,X,Y,,Y,,,,A,Y,Y,Y,,Y,Y,Y,,Y,Y,Y,,,Y,,Y,Y,Y,,,Y,A,,Y,Y,Y,Y,,Y,Y,Y,,Y,Y,Y,X,,Y,Y,Y,Y,,,Y,,Y,,X,Y,Y,Y,,Y,Y,Y,,,X,,Y,Y,,,Y,Y,X,,,Y,Y,Y,,X,X,A,,,Y,,,Y,,,Y,,X,Y,Y,,,,,,Y,Y,,,Y,,A,,Y,A,,Y,Y,,Y,Y,,Y,Y,Y,Y,Y,,Y
278645,1983-12-01,38,A/RES/38/35A,,A/38/652,A/38/PV.79,Financing of the United Nations Disengagement Obsever Force : resolution / adopted by the General Assembly,United Nations Disengagement Observer Force.,,109.0,3.0,14.0,32.0,158.0,https://digitallibrary.un.org/record/278645,X,N,A,,X,Y,Y,,Y,Y,,X,X,Y,Y,A,Y,Y,X,Y,X,,,Y,Y,,A,Y,,X,,,Y,Y,Y,Y,,Y,,Y,Y,Y,Y,Y,A,,,,Y,,,A,Y,,,A,,,,,,N,Y,X,X,X,Y,Y,Y,Y,,,,X,,Y,Y,Y,Y,X,,A,,Y,Y,Y,X,Y,X,Y,Y,X,Y,A,Y,Y,Y,,X,A,Y,Y,Y,A,Y,X,Y,,Y,,,Y,,X,,,,Y,X,Y,,X,,,,Y,Y,Y,Y,,X,Y,Y,,Y,Y,Y,,,A,,Y,X,Y,,,Y,Y,,Y,X,Y,Y,,Y,Y,Y,,Y,Y,X,Y,,Y,Y,Y,Y,,,Y,,Y,,X,Y,X,Y,,X,Y,Y,,,X,,X,Y,,,Y,Y,X,,,Y,Y,Y,,Y,X,Y,,,N,,,Y,,,Y,,Y,Y,Y,,,,,,Y,A,,,Y,,Y,,Y,Y,,Y,A,,Y,Y,,X,A,Y,Y,Y,,Y
278646,1983-12-01,38,A/RES/38/35B,,A/38/652,A/38/PV.79,Financing of the United Nations Disengagement Obsever Force : resolution / adopted by the General Assembly,United Nations Disengagement Observer Force.,,108.0,12.0,6.0,32.0,158.0,https://digitallibrary.un.org/record/278646,X,N,A,,X,Y,Y,,Y,Y,,X,Y,Y,Y,N,Y,Y,X,Y,X,,,X,Y,,N,Y,,X,,,Y,Y,Y,Y,,Y,,Y,Y,Y,Y,Y,A,,,,Y,,,N,Y,,,N,,,,,,N,Y,X,X,X,Y,Y,Y,Y,,,,X,,Y,Y,Y,Y,X,,N,,Y,Y,Y,X,Y,X,X,Y,X,Y,N,Y,Y,Y,,X,A,Y,Y,Y,Y,Y,X,Y,,Y,,,Y,,X,,,,Y,X,Y,,X,,,,Y,Y,Y,Y,,X,Y,Y,,Y,Y,Y,,,N,,Y,X,Y,,,Y,Y,,Y,Y,Y,Y,,Y,Y,Y,,Y,Y,X,Y,,Y,A,Y,Y,,,A,,Y,,X,Y,X,Y,,X,Y,Y,,,X,,X,Y,,,Y,Y,X,,,Y,Y,Y,,Y,X,Y,,,N,,,Y,,,Y,,Y,Y,Y,,,,,,Y,N,,,Y,,Y,,Y,Y,,Y,N,,Y,Y,,X,A,Y,Y,Y,,Y
278647,1983-12-01,38,A/RES/38/36A,A/38/24 (Part II)|A/38/24 (Part II)/Corr.2,,A/38/PV.79,Situation in Namibia resulting from the illegal occupation of the Territory by South Africa : resolution / adopted by the General Assembly,Question of Namibia.,NAMIBIA QUESTION,117.0,0.0,28.0,13.0,158.0,https://digitallibrary.un.org/record/278647,Y,Y,Y,,Y,Y,Y,,A,A,,Y,Y,Y,Y,Y,A,Y,Y,Y,Y,,,Y,Y,,Y,Y,,Y,,,Y,Y,A,Y,,A,,A,X,Y,X,Y,Y,,,,Y,,,Y,Y,,,Y,,,,,,Y,A,Y,X,Y,Y,Y,Y,Y,,,,Y,,Y,A,A,Y,X,,Y,,A,Y,Y,X,X,Y,Y,Y,Y,Y,Y,A,Y,Y,,Y,Y,A,X,A,A,Y,A,Y,,Y,,,Y,,Y,,,,Y,X,X,,Y,,,,A,Y,A,Y,,Y,Y,Y,,Y,Y,Y,,,Y,,Y,Y,Y,,,Y,A,,A,Y,Y,Y,,A,Y,Y,,Y,Y,X,Y,,Y,Y,A,Y,,,Y,,Y,,X,A,Y,A,,Y,Y,Y,,,Y,,Y,Y,,,A,X,X,,,A,Y,Y,,Y,Y,A,,,Y,,,Y,,,Y,,Y,Y,Y,,,,,,Y,Y,,,Y,,A,,Y,A,,Y,Y,,Y,Y,,Y,Y,Y,Y,Y,,Y
278648,1983-12-01,38,A/RES/38/36B,A/38/24 (Part II)|A/38/24 (Part II)/Corr.1,,A/38/PV.79,Implementation of Security Council resolution 435 (1978) : resolution / adopted by the General Assembly,Question of Namibia.,NAMIBIA QUESTION,121.0,0.0,26.0,11.0,158.0,https://digitallibrary.un.org/record/278648,Y,Y,Y,,Y,Y,Y,,A,A,,Y,Y,Y,Y,Y,A,Y,Y,Y,Y,,,Y,Y,,Y,Y,,Y,,,Y,Y,A,Y,,A,,A,Y,Y,Y,Y,Y,,,,Y,,,Y,Y,,,Y,,,,,,Y,A,Y,X,Y,Y,Y,Y,Y,,,,Y,,Y,A,A,Y,X,,Y,,A,Y,Y,X,X,Y,Y,Y,Y,Y,Y,A,Y,Y,,Y,Y,A,X,A,A,Y,A,Y,,Y,,,Y,,Y,,,,Y,X,X,,Y,,,,A,Y,A,Y,,Y,Y,Y,,Y,Y,Y,,,Y,,Y,Y,Y,,,Y,A,,A,Y,Y,Y,,A,Y,Y,,Y,Y,X,Y,,Y,Y,A,Y,,,Y,,Y,,X,A,Y,Y,,Y,Y,Y,,,Y,,Y,Y,,,Y,X,X,,,A,Y,Y,,Y,Y,A,,,Y,,,Y,,,Y,,Y,Y,Y,,,,,,Y,Y,,,Y,,A,,Y,A,,Y,Y,,Y,Y,,Y,Y,Y,Y,Y,,Y
278649,1983-12-01,38,A/RES/38/36C,A/38/24 (Part II)|A/38/24 (Part II)/Corr.1,,A/38/PV.79,Programme of work of the UN Council for Namibia : resolution / adopted by the General Assembly,Question of Namibia.,NAMIBIA QUESTION,144.0,0.0,5.0,9.0,158.0,https://digitallibrary.un.org/record/278649,Y,Y,Y,,Y,Y,Y,,Y,Y,,Y,Y,Y,Y,Y,Y,Y,Y,Y,Y,,,Y,Y,,Y,Y,,Y,,,Y,Y,A,Y,,Y,,Y,Y,Y,Y,Y,Y,,,,Y,,,Y,Y,,,Y,,,,,,Y,Y,Y,X,Y,Y,Y,Y,Y,,,,Y,,Y,Y,A,Y,X,,Y,,A,Y,Y,X,Y,Y,Y,Y,Y,Y,Y,Y,Y,Y,,Y,Y,Y,X,Y,Y,Y,Y,Y,,Y,,,Y,,Y,,,,Y,X,Y,,Y,,,,Y,Y,Y,Y,,Y,Y,Y,,Y,Y,Y,,,Y,,Y,Y,Y,,,Y,Y,,Y,Y,Y,Y,,Y,Y,Y,,Y,Y,X,Y,,Y,Y,Y,Y,,,Y,,Y,,X,Y,Y,Y,,Y,Y,Y,,,Y,,Y,Y,,,Y,X,X,,,Y,Y,Y,,Y,Y,Y,,,Y,,,Y,,,Y,,Y,Y,Y,,,,,,Y,Y,,,Y,,A,,Y,A,,Y,Y,,Y,Y,,Y,Y,Y,Y,Y,,Y
278651,1983-12-01,38,A/RES/38/36D,A/38/24 (Part II)|A/38/24 (Part II)/Corr.1,,A/38/PV.79,Dissemination of information and mobilization of international public opinion in support of Namibia : resolution / adopted by the General Assembly,Question of Namibia.,NAMIBIA QUESTION,122.0,0.0,22.0,14.0,158.0,https://digitallibrary.un.org/record/278651,Y,Y,Y,,Y,Y,Y,,A,A,,Y,Y,Y,Y,Y,A,Y,Y,Y,Y,,,Y,Y,,Y,Y,,Y,,,Y,Y,A,Y,,X,,A,Y,Y,Y,Y,Y,,,,Y,,,Y,Y,,,Y,,,,,,Y,A,Y,X,Y,Y,Y,Y,Y,,,,Y,,Y,A,A,Y,X,,Y,,A,Y,Y,X,X,Y,Y,Y,Y,Y,Y,A,Y,Y,,Y,Y,A,X,A,Y,Y,A,Y,,Y,,,Y,,Y,,,,Y,X,X,,Y,,,,A,Y,Y,Y,,Y,Y,Y,,Y,Y,Y,,,Y,,Y,Y,Y,,,Y,A,,A,Y,Y,Y,,A,Y,Y,,Y,Y,X,Y,,Y,Y,A,Y,,,Y,,Y,,X,Y,Y,X,,Y,Y,Y,,,Y,,Y,Y,,,X,X,X,,,A,Y,Y,,Y,Y,A,,,Y,,,Y,,,Y,,Y,Y,Y,,,,,,Y,Y,,,Y,,A,,Y,A,,Y,Y,,Y,Y,,Y,Y,Y,Y,Y,,Y
278652,1983-12-01,38,A/RES/38/36E,A/38/24 (Part II)|A/38/24 (Part II)/Corr.1,,A/38/PV.79,UN Fund for Namibia : resolution / adopted by the General Assembly,Question of Namibia.,NAMIBIA QUESTION,144.0,0.0,5.0,9.0,158.0,https://digitallibrary.un.org/record/278652,Y,Y,Y,,Y,Y,Y,,Y,Y,,Y,Y,Y,Y,Y,Y,Y,Y,Y,Y,,,Y,Y,,Y,Y,,Y,,,Y,Y,A,Y,,Y,,Y,Y,Y,Y,Y,Y,,,,Y,,,Y,Y,,,Y,,,,,,Y,Y,Y,X,Y,Y,Y,Y,Y,,,,Y,,Y,Y,A,Y,X,,Y,,A,Y,Y,X,Y,Y,Y,Y,Y,Y,Y,Y,Y,Y,,Y,Y,Y,X,Y,Y,Y,Y,Y,,Y,,,Y,,Y,,,,Y,X,Y,,Y,,,,Y,Y,Y,Y,,Y,Y,Y,,Y,Y,Y,,,Y,,Y,Y,Y,,,Y,Y,,Y,Y,Y,Y,,Y,Y,Y,,Y,Y,X,Y,,Y,Y,Y,Y,,,Y,,Y,,X,Y,Y,Y,,Y,Y,Y,,,Y,,Y,Y,,,Y,X,X,,,Y,Y,Y,,Y,Y,Y,,,Y,,,Y,,,Y,,Y,Y,Y,,,,,,Y,Y,,,Y,,A,,Y,A,,Y,Y,,Y,Y,,Y,Y,Y,Y,Y,,Y
278653,1983-12-05,38,A/RES/38/38,,A/38/678,A/38/PV.83,Financing of the United Nations Interim Force in Lebanon : resolution / adopted by the General Assembly,United Nations Interim Force in Lebanon.,,80.0,11.0,7.0,60.0,158.0,https://digitallibrary.un.org/record/278653,A,N,X,,X,X,X,,Y,Y,,X,Y,X,X,N,Y,X,X,Y,Y,,,X,Y,,N,X,,A,,,X,Y,Y,A,,X,,Y,Y,Y,X,X,A,,,,Y,,,N,Y,,,X,,,,,,X,Y,X,X,X,Y,Y,Y,X,,,,Y,,Y,Y,Y,Y,X,,N,,Y,Y,Y,X,Y,X,X,X,X,Y,N,Y,Y,Y,,X,A,Y,Y,Y,Y,X,Y,Y,,X,,,Y,,X,,,,Y,Y,X,,X,,,,X,X,X,Y,,A,Y,Y,,Y,X,Y,,,N,,X,X,X,,,Y,Y,,Y,Y,X,Y,,Y,Y,Y,,Y,X,X,X,,Y,N,Y,X,,,Y,,X,,X,Y,X,Y,,X,Y,X,,,X,,X,Y,,,X,Y,X,,,Y,X,Y,,Y,Y,Y,,,N,,,Y,,,X,,Y,Y,Y,,,,,,Y,N,,,Y,,Y,,Y,Y,,Y,N,,X,Y,,X,A,Y,X,Y,,X
278654,1983-12-05,38,A/RES/38/39A,A/38/L.20|A/38/L.20/Corr.1,,A/38/PV.83,Situation in South Africa : resolution / adopted by the General Assembly,Policies of apartheid of the Government of South Africa.,APARTHEID,124.0,16.0,10.0,8.0,158.0,https://digitallibrary.un.org/record/278654,Y,Y,Y,,Y,Y,Y,,N,A,,Y,Y,Y,Y,Y,N,Y,Y,Y,Y,,,Y,Y,,Y,Y,,Y,,,Y,Y,N,Y,,Y,,Y,X,Y,Y,Y,Y,,,,Y,,,Y,Y,,,Y,,,,,,Y,A,Y,X,Y,Y,Y,Y,Y,,,,Y,,Y,A,N,Y,Y,,Y,,N,Y,A,X,A,Y,Y,Y,Y,Y,Y,N,Y,Y,,Y,Y,A,X,N,A,Y,N,Y,,Y,,,Y,,Y,,,,Y,Y,X,,Y,,,,N,Y,A,Y,,Y,Y,Y,,Y,Y,Y,,,Y,,Y,Y,Y,,,Y,N,,N,Y,Y,Y,,N,Y,Y,,Y,Y,N,Y,,Y,Y,N,Y,,,Y,,Y,,X,Y,Y,Y,,Y,Y,Y,,,Y,,Y,Y,,,Y,Y,X,,,A,Y,Y,,Y,X,A,,,Y,,,Y,,,Y,,Y,Y,Y,,,,,,Y,Y,,,Y,,N,,Y,N,,Y,Y,,Y,Y,,Y,Y,Y,Y,Y,,Y
278655,1983-12-05,38,A/RES/38/39B,A/38/L.20|A/38/L.20/Add.1,,A/38/PV.83,Programme of Action against Apartheid : resolution / adopted by the General Assembly,Policies of apartheid of the Government of South Africa.,APARTHEID,128.0,2.0,22.0,6.0,158.0,https://digitallibrary.un.org/record/278655,Y,Y,Y,,Y,Y,Y,,A,A,,Y,Y,Y,Y,Y,A,Y,Y,Y,Y,,,A,Y,,Y,Y,,Y,,,Y,Y,A,Y,,Y,,Y,Y,Y,Y,Y,Y,,,,Y,,,Y,Y,,,Y,,,,,,Y,A,Y,X,Y,Y,Y,Y,Y,,,,Y,,Y,A,Y,Y,Y,,Y,,A,Y,A,X,Y,Y,Y,Y,Y,Y,Y,A,Y,Y,,Y,Y,A,X,A,Y,Y,A,Y,,Y,,,Y,,Y,,,,Y,A,Y,,Y,,,,A,Y,Y,Y,,Y,Y,Y,,Y,Y,Y,,,Y,,Y,Y,Y,,,Y,A,,A,Y,Y,Y,,A,Y,Y,,Y,Y,X,Y,,Y,Y,A,Y,,,Y,,Y,,X,Y,Y,Y,,Y,Y,Y,,,Y,,Y,Y,,,Y,Y,X,,,A,Y,Y,,Y,A,A,,,Y,,,Y,,,Y,,Y,Y,Y,,,,,,Y,Y,,,Y,,N,,Y,N,,Y,Y,,Y,Y,,Y,Y,Y,Y,Y,,Y
278656,1983-12-05,38,A/RES/38/39C,A/38/L.22|A/38/L.22/Add.1,,A/38/PV.83,Effects of apartheid on the countries of southern Africa : resolution / adopted by the General Assembly,Policies of apartheid of the Government of South Africa.,APARTHEID,146.0,2.0,4.0,6.0,158.0,https://digitallibrary.un.org/record/278656,Y,Y,Y,,Y,Y,Y,,Y,Y,,Y,Y,Y,Y,Y,Y,Y,Y,Y,Y,,,Y,Y,,Y,Y,,Y,,,Y,Y,Y,Y,,Y,,Y,Y,Y,Y,Y,Y,,,,Y,,,Y,Y,,,Y,,,,,,Y,Y,Y,X,Y,Y,Y,Y,Y,,,,Y,,Y,Y,Y,Y,Y,,Y,,A,Y,Y,X,A,Y,Y,Y,Y,Y,Y,Y,Y,Y,,Y,Y,Y,X,Y,Y,Y,Y,Y,,Y,,,Y,,Y,,,,Y,Y,X,,Y,,,,Y,Y,A,Y,,Y,Y,Y,,Y,Y,Y,,,Y,,Y,Y,Y,,,Y,Y,,Y,Y,Y,Y,,Y,Y,Y,,Y,Y,N,Y,,Y,Y,Y,Y,,,Y,,Y,,X,Y,Y,Y,,Y,Y,Y,,,Y,,Y,Y,,,Y,Y,X,,,Y,Y,Y,,Y,Y,Y,,,Y,,,Y,,,Y,,Y,Y,Y,,,,,,Y,Y,,,Y,,A,,Y,N,,Y,Y,,Y,Y,,Y,Y,Y,Y,Y,,Y
278657,1983-12-05,38,A/RES/38/39D,A/38/L.23|A/38/L.23/Corr.1,,A/38/PV.83,Sanctions against South Africa : resolution / adopted by the General Assembly,Policies of apartheid of the Government of South Africa.,APARTHEID,122.0,10.0,18.0,8.0,158.0,https://digitallibrary.un.org/record/278657,Y,Y,Y,,Y,Y,Y,,A,A,,Y,Y,Y,Y,Y,N,Y,Y,Y,Y,,,A,Y,,Y,Y,,Y,,,Y,Y,N,Y,,Y,,Y,X,Y,Y,Y,Y,,,,Y,,,Y,Y,,,Y,,,,,,Y,A,Y,X,Y,Y,Y,Y,Y,,,,Y,,Y,A,N,Y,Y,,Y,,N,Y,A,X,A,Y,Y,Y,Y,Y,Y,A,Y,Y,,Y,Y,A,X,A,A,Y,N,Y,,Y,,,Y,,Y,,,,Y,A,X,,Y,,,,N,Y,A,Y,,Y,Y,Y,,Y,Y,Y,,,Y,,Y,Y,Y,,,Y,N,,A,Y,Y,Y,,A,Y,Y,,Y,Y,X,Y,,Y,Y,N,Y,,,Y,,Y,,X,Y,Y,Y,,Y,Y,Y,,,Y,,Y,Y,,,Y,Y,X,,,A,Y,Y,,Y,A,A,,,Y,,,Y,,,Y,,Y,Y,Y,,,,,,Y,Y,,,Y,,N,,Y,N,,Y,Y,,Y,Y,,Y,Y,Y,Y,Y,,Y
278658,1983-12-05,38,A/RES/38/39E,A/38/L.24|A/38/L.24/Add.1,,A/38/PV.83,Programme of work of the Special Committee against Apartheid : resolution / adopted by the General Assembly,Policies of apartheid of the Government of South Africa.,APARTHEID,149.0,1.0,2.0,6.0,158.0,https://digitallibrary.un.org/record/278658,Y,Y,Y,,Y,Y,Y,,Y,Y,,Y,Y,Y,Y,Y,Y,Y,Y,Y,Y,,,Y,Y,,Y,Y,,Y,,,Y,Y,Y,Y,,Y,,Y,Y,Y,Y,Y,Y,,,,Y,,,Y,Y,,,Y,,,,,,Y,Y,Y,X,Y,Y,Y,Y,Y,,,,Y,,Y,Y,Y,Y,Y,,Y,,A,Y,Y,X,Y,Y,Y,Y,Y,Y,Y,Y,Y,Y,,Y,Y,Y,X,Y,Y,Y,Y,Y,,Y,,,Y,,Y,,,,Y,Y,Y,,Y,,,,Y,Y,Y,Y,,Y,Y,Y,,Y,Y,Y,,,Y,,Y,Y,Y,,,Y,Y,,Y,Y,Y,Y,,Y,Y,Y,,Y,Y,X,Y,,Y,Y,Y,Y,,,Y,,Y,,X,Y,Y,Y,,Y,Y,Y,,,Y,,Y,Y,,,Y,Y,X,,,Y,Y,Y,,Y,Y,Y,,,Y,,,Y,,,Y,,Y,Y,Y,,,,,,Y,Y,,,Y,,A,,Y,N,,Y,Y,,Y,Y,,Y,Y,Y,Y,Y,,Y
278659,1983-12-05,38,A/RES/38/39F,A/38/L.25|A/38/L.25/Corr.1,,A/38/PV.83,Relations between Israel and South Africa : resolution / adopted by the General Assembly,Policies of apartheid of the Government of South Africa.,APARTHEID,106.0,18.0,17.0,17.0,158.0,https://digitallibrary.un.org/record/278659,Y,Y,Y,,Y,Y,Y,,N,N,,A,Y,Y,X,Y,N,X,Y,Y,Y,,,Y,Y,,Y,Y,,Y,,,Y,Y,N,Y,,Y,,Y,X,Y,A,Y,Y,,,,A,,,Y,Y,,,Y,,,,,,Y,N,Y,X,A,Y,Y,X,Y,,,,Y,,A,N,N,Y,Y,,Y,,N,Y,Y,X,A,Y,Y,Y,A,X,Y,N,Y,Y,,Y,Y,N,X,N,A,A,A,Y,,Y,,,Y,,Y,,,,Y,Y,X,,Y,,,,N,Y,A,Y,,Y,Y,Y,,Y,Y,Y,,,Y,,Y,Y,Y,,,Y,N,,N,Y,Y,Y,,N,Y,Y,,A,Y,A,Y,,Y,Y,A,Y,,,Y,,Y,,X,X,X,A,,Y,Y,Y,,,Y,,Y,Y,,,A,Y,X,,,A,Y,Y,,X,X,N,,,Y,,,Y,,,Y,,X,Y,Y,,,,,,Y,Y,,,Y,,N,,Y,N,,Y,Y,,Y,Y,,Y,Y,Y,X,Y,,Y
278660,1983-12-05,38,A/RES/38/39G,A/38/L.26|A/38/L.26/Corr.1,,A/38/PV.83,Military and nuclear collaboration with South Africa : resolution / adopted by the General Assembly,Policies of apartheid of the Government of South Africa.,APARTHEID,122.0,9.0,17.0,10.0,158.0,https://digitallibrary.un.org/record/278660,Y,Y,Y,,Y,Y,Y,,N,A,,Y,Y,Y,Y,Y,A,Y,Y,Y,Y,,,Y,Y,,Y,Y,,Y,,,Y,Y,N,Y,,Y,,Y,Y,Y,Y,Y,Y,,,,X,,,Y,Y,,,Y,,,,,,Y,A,Y,X,Y,Y,Y,X,Y,,,,Y,,Y,A,N,Y,Y,,Y,,N,Y,A,X,A,Y,Y,Y,Y,X,Y,A,Y,Y,,Y,Y,A,X,N,A,Y,A,Y,,Y,,,Y,,Y,,,,Y,Y,X,,Y,,,,A,Y,A,Y,,Y,Y,Y,,Y,Y,Y,,,Y,,Y,Y,Y,,,Y,A,,A,Y,Y,Y,,A,Y,Y,,Y,Y,N,Y,,Y,Y,N,Y,,,Y,,Y,,X,Y,Y,Y,,Y,Y,Y,,,Y,,Y,Y,,,Y,Y,X,,,A,Y,Y,,Y,Y,A,,,Y,,,Y,,,Y,,Y,Y,Y,,,,,,Y,Y,,,Y,,N,,Y,N,,Y,Y,,Y,Y,,Y,Y,Y,X,Y,,Y
278661,1983-12-05,38,A/RES/38/39I,A/38/L.28|A/38/L.28/Add.1,,A/38/PV.83,Investments in South Africa : resolution / adopted by the General Assembly,Policies of apartheid of the Government of South Africa.,APARTHEID,140.0,1.0,9.0,8.0,158.0,https://digitallibrary.un.org/record/278661,Y,Y,Y,,Y,Y,Y,,Y,Y,,Y,Y,Y,Y,Y,Y,Y,Y,Y,Y,,,A,Y,,Y,Y,,Y,,,Y,Y,A,Y,,Y,,Y,X,Y,Y,Y,Y,,,,Y,,,Y,Y,,,Y,,,,,,Y,Y,Y,X,Y,Y,Y,Y,Y,,,,Y,,Y,Y,A,Y,Y,,Y,,A,Y,Y,X,Y,Y,Y,Y,Y,Y,Y,Y,Y,Y,,Y,Y,Y,X,A,A,Y,Y,Y,,Y,,,Y,,Y,,,,Y,A,Y,,Y,,,,Y,Y,A,Y,,Y,Y,Y,,Y,Y,Y,,,Y,,Y,Y,Y,,,Y,Y,,Y,Y,Y,Y,,Y,Y,Y,,Y,Y,X,Y,,Y,Y,Y,Y,,,Y,,Y,,X,Y,Y,Y,,Y,Y,Y,,,Y,,Y,Y,,,Y,Y,X,,,Y,Y,Y,,Y,X,Y,,,Y,,,Y,,,Y,,Y,Y,Y,,,,,,Y,Y,,,Y,,A,,Y,N,,Y,Y,,Y,Y,,Y,Y,Y,Y,Y,,Y
278662,1983-12-05,38,A/RES/38/39J,A/38/L.30|A/38/L.30/Add.1,,A/38/PV.83,Oil embargo against South Africa : resolution / adopted by the General Assembly,Policies of apartheid of the Government of South Africa.,APARTHEID,130.0,6.0,14.0,8.0,158.0,https://digitallibrary.un.org/record/278662,Y,Y,Y,,Y,Y,Y,,A,A,,Y,Y,Y,Y,Y,N,Y,Y,Y,Y,,,A,Y,,Y,Y,,Y,,,Y,Y,A,Y,,Y,,Y,X,Y,Y,Y,Y,,,,Y,,,Y,Y,,,Y,,,,,,Y,Y,Y,X,Y,Y,Y,Y,Y,,,,Y,,Y,Y,N,Y,Y,,Y,,N,Y,A,X,X,Y,Y,Y,Y,Y,Y,Y,Y,Y,,Y,Y,Y,X,A,A,Y,A,Y,,Y,,,Y,,Y,,,,Y,A,Y,,Y,,,,N,Y,A,Y,,Y,Y,Y,,Y,Y,Y,,,Y,,Y,Y,Y,,,Y,Y,,A,Y,Y,Y,,A,Y,Y,,Y,Y,X,Y,,Y,Y,A,Y,,,Y,,Y,,X,Y,Y,Y,,Y,Y,Y,,,Y,,Y,Y,,,Y,Y,X,,,Y,Y,Y,,Y,A,Y,,,Y,,,Y,,,Y,,Y,Y,Y,,,,,,Y,Y,,,Y,,N,,Y,N,,Y,Y,,Y,Y,,Y,Y,Y,Y,Y,,Y
278663,1983-12-05,38,A/RES/38/39K,A/38/L.31|A/38/L.31/Add.1,,A/38/PV.83,Apartheid in Sports : resolution / adopted by the General Assembly,Policies of apartheid of the Government of South Africa.,APARTHEID,145.0,1.0,6.0,6.0,158.0,https://digitallibrary.un.org/record/278663,Y,Y,Y,,Y,Y,Y,,Y,Y,,Y,Y,Y,Y,Y,Y,Y,Y,Y,Y,,,Y,Y,,Y,Y,,Y,,,Y,Y,Y,Y,,Y,,Y,Y,Y,Y,Y,Y,,,,Y,,,Y,Y,,,Y,,,,,,Y,A,Y,X,Y,Y,Y,Y,Y,,,,Y,,Y,Y,Y,Y,Y,,Y,,A,Y,Y,X,Y,Y,Y,Y,Y,Y,Y,A,Y,Y,,Y,Y,Y,X,Y,Y,Y,Y,Y,,Y,,,Y,,Y,,,,Y,Y,Y,,Y,,,,Y,Y,Y,Y,,Y,Y,Y,,Y,Y,Y,,,Y,,Y,Y,Y,,,Y,A,,A,Y,Y,Y,,Y,Y,Y,,Y,Y,X,Y,,Y,Y,Y,Y,,,Y,,Y,,X,Y,Y,Y,,Y,Y,Y,,,Y,,Y,Y,,,Y,Y,X,,,Y,Y,Y,,Y,Y,Y,,,Y,,,Y,,,Y,,Y,Y,Y,,,,,,Y,Y,,,Y,,A,,Y,N,,Y,Y,,Y,Y,,Y,Y,Y,Y,Y,,Y
278664,1983-12-07,38,A/RES/38/49,,A/38/608|A/38/608/Corr.1,A/38/PV.86,Information from Non-Self-Governing Territories transmitted under Article 73e of the Charter of the United Nations : resolution / adopted by the General Assembly,Information from Non-Self-Governing Territories transmitted under Article 73 e fo the Charter of the United Nations.,NON-SELF-GOVERNING TERRITORIES--REPORTS,147.0,0.0,4.0,7.0,158.0,https://digitallibrary.un.org/record/278664,Y,Y,Y,,Y,X,Y,,Y,Y,,Y,Y,Y,Y,Y,Y,Y,Y,Y,Y,,,Y,Y,,Y,Y,,Y,,,Y,Y,Y,Y,,Y,,Y,Y,Y,Y,Y,Y,,,,Y,,,Y,Y,,,Y,,,,,,Y,Y,Y,X,Y,Y,Y,Y,Y,,,,Y,,Y,Y,A,Y,Y,,Y,,Y,Y,Y,X,Y,Y,Y,Y,Y,Y,Y,Y,Y,Y,,Y,Y,Y,Y,Y,Y,Y,Y,Y,,Y,,,Y,,Y,,,,Y,Y,Y,,Y,,,,Y,Y,Y,Y,,Y,Y,Y,,Y,Y,Y,,,Y,,X,Y,Y,,,Y,Y,,Y,Y,Y,Y,,Y,Y,Y,,Y,Y,A,Y,,Y,Y,Y,Y,,,Y,,Y,,Y,Y,Y,Y,,Y,Y,Y,,,X,,Y,Y,,,Y,Y,X,,,Y,Y,Y,,Y,Y,Y,,,X,,,Y,,,Y,,Y,Y,Y,,,,,,Y,Y,,,Y,,A,,Y,A,,Y,Y,,Y,Y,,Y,Y,Y,Y,Y,,Y
278665,1983-12-07,38,A/RES/38/50,,A/38/582|A/38/582/Corr.1,A/38/PV.86,"Activities of foreign economic and other interests which are impeding the implementation of the Declaration on the Granting of Independence to Colonial Countries and Peoples in Namibia and in all other Territories under colonial domination and efforts to eliminate colonialism, apartheid and racial discrimination in southern Africa : resolution / adopted by the General Assembly","Activities of foreign economic and other interests which are impeding the implementation of the Declaration on the Granting of Independence to Colonial Countries and Peoples in Namibia and in all other territories under colonial domination and efforts to eliminate colonialism, apartheid and racial discrimination in southern Africa.",DECOLONIZATION--FOREIGN INTERESTS,129.0,7.0,16.0,6.0,158.0,https://digitallibrary.un.org/record/278665,Y,Y,Y,,Y,X,Y,,Y,A,,Y,Y,Y,Y,Y,N,Y,Y,Y,Y,,,Y,Y,,Y,Y,,Y,,,Y,Y,N,Y,,Y,,Y,Y,Y,Y,Y,Y,,,,Y,,,Y,Y,,,Y,,,,,,Y,A,Y,Y,Y,Y,Y,Y,Y,,,,Y,,Y,A,A,Y,Y,,Y,,N,Y,A,X,Y,Y,Y,Y,Y,Y,Y,A,Y,Y,,Y,Y,A,A,A,Y,Y,A,Y,,Y,,,Y,,Y,,,,Y,A,Y,,Y,,,,N,Y,A,Y,,Y,Y,Y,,Y,Y,Y,,,Y,,Y,Y,Y,,,Y,N,,Y,Y,Y,Y,,A,Y,Y,,Y,Y,X,Y,,Y,Y,A,Y,,,Y,,Y,,Y,Y,Y,Y,,Y,Y,Y,,,X,,Y,Y,,,Y,Y,X,,,A,Y,Y,,Y,Y,A,,,X,,,Y,,,Y,,Y,Y,Y,,,,,,Y,Y,,,Y,,N,,Y,N,,Y,Y,,Y,Y,,Y,Y,Y,Y,Y,,Y
278666,1983-12-07,38,A/RES/38/51,,A/38/609,A/38/PV.86,Implementation of the Declaration on the Granting of Independence to Colonial Countries and Peoples by the specialized agencies and the international institutions associated with UN : resolution / adopted by the General Assembly,Report of the Economic and Social Council.|Implementation of the Declaration on the Granting of Independence to Colonial Countries and Peoples by the specialized agencies and the international institutions associated with the United Nations.,UN. ECONOMIC AND SOCIAL COUNCIL--REPORTS|DECOLONIZATION--INTERGOVERNMENTAL ORGANIZATIONS,117.0,3.0,33.0,5.0,158.0,https://digitallibrary.un.org/record/278666,Y,Y,Y,,Y,X,Y,,A,A,,A,Y,Y,Y,Y,A,X,Y,Y,A,,,Y,Y,,Y,Y,,Y,,,Y,Y,A,Y,,A,,A,Y,Y,Y,Y,Y,,,,Y,,,Y,Y,,,Y,,,,,,Y,A,Y,A,Y,Y,Y,Y,Y,,,,Y,,Y,A,A,Y,Y,,Y,,A,Y,Y,X,A,Y,Y,Y,Y,Y,Y,A,Y,Y,,Y,Y,A,N,A,A,Y,A,Y,,Y,,,Y,,Y,,,,Y,A,Y,,Y,,,,A,Y,A,Y,,Y,Y,Y,,Y,Y,Y,,,Y,,Y,Y,Y,,,Y,A,,A,Y,Y,Y,,A,Y,Y,,Y,Y,A,Y,,Y,Y,A,Y,,,Y,,Y,,A,A,Y,Y,,Y,Y,Y,,,X,,Y,Y,,,A,Y,X,,,A,Y,Y,,Y,A,A,,,Y,,,Y,,,Y,,Y,Y,Y,,,,,,Y,Y,,,Y,,N,,Y,N,,Y,Y,,Y,Y,,Y,Y,Y,Y,Y,,Y
278667,1983-12-07,38,A/RES/38/54,A/38/L.33|A/38/L.33/Add.1,,A/38/PV.86,Implementation of the Declaration on the Granting of Independence to Colonial Countries and Peoples : resolution / adopted by the General Assembly,Implementation of the Declaration on the Granting of Independence to Colonial Countries and Peoples.,DECOLONIZATION,141.0,2.0,8.0,7.0,158.0,https://digitallibrary.un.org/record/278667,Y,Y,Y,,Y,X,Y,,Y,Y,,Y,Y,Y,Y,Y,A,Y,Y,Y,Y,,,Y,Y,,Y,Y,,Y,,,Y,Y,A,Y,,Y,,Y,Y,Y,Y,X,Y,,,,Y,,,Y,Y,,,Y,,,,,,Y,Y,Y,Y,Y,Y,Y,Y,Y,,,,Y,,Y,Y,A,Y,Y,,Y,,A,Y,Y,X,Y,Y,Y,Y,Y,Y,Y,Y,Y,Y,,Y,Y,Y,X,A,Y,Y,Y,Y,,Y,,,Y,,Y,,,,Y,Y,Y,,Y,,,,A,Y,A,Y,,Y,Y,Y,,Y,Y,Y,,,Y,,Y,Y,Y,,,Y,Y,,Y,Y,Y,Y,,Y,Y,Y,,Y,Y,A,Y,,Y,Y,Y,Y,,,Y,,Y,,X,Y,Y,Y,,Y,Y,Y,,,X,,Y,Y,,,Y,Y,X,,,Y,Y,Y,,Y,Y,Y,,,Y,,,Y,,,Y,,Y,Y,Y,,,,,,Y,Y,,,Y,,N,,Y,N,,Y,Y,,Y,Y,,Y,Y,Y,Y,Y,,Y
278668,1983-12-07,38,A/RES/38/55,A/38/L.34|A/38/L.34/Add.1,,A/38/PV.86,Dissemination of information on decolonization : resolution / adopted by the General Assembly,Implementation of the Declaration on the Granting of Independence to Colonial Countries and Peoples.,DECOLONIZATION,147.0,0.0,4.0,7.0,158.0,https://digitallibrary.un.org/record/278668,Y,Y,Y,,Y,X,Y,,Y,Y,,Y,Y,Y,Y,Y,Y,Y,Y,Y,Y,,,Y,Y,,Y,Y,,Y,,,Y,Y,Y,Y,,Y,,Y,Y,Y,Y,X,Y,,,,Y,,,Y,Y,,,Y,,,,,,Y,Y,Y,Y,Y,Y,Y,Y,Y,,,,Y,,Y,Y,A,Y,Y,,Y,,A,Y,Y,X,Y,Y,Y,Y,Y,Y,Y,Y,Y,Y,,Y,Y,Y,X,Y,Y,Y,Y,Y,,Y,,,Y,,Y,,,,Y,Y,Y,,Y,,,,Y,Y,Y,Y,,Y,Y,Y,,Y,Y,Y,,,Y,,Y,Y,Y,,,Y,Y,,Y,Y,Y,Y,,Y,Y,Y,,Y,Y,Y,Y,,Y,Y,Y,Y,,,Y,,Y,,X,Y,Y,Y,,Y,Y,Y,,,X,,Y,Y,,,Y,Y,X,,,Y,Y,Y,,Y,Y,Y,,,Y,,,Y,,,Y,,Y,Y,Y,,,,,,Y,Y,,,Y,,A,,Y,A,,Y,Y,,Y,Y,,Y,Y,Y,Y,Y,,Y
278669,1983-12-13,38,A/RES/38/58A,A/38/L.36|A/38/L.36/Add.1,,A/38/PV.95,Question of Palestine : resolution / adopted by the General Assembly,Question of Palestine.,PALESTINE QUESTION,126.0,2.0,19.0,11.0,158.0,https://digitallibrary.un.org/record/278669,Y,Y,Y,,Y,X,Y,,A,A,,Y,Y,Y,X,Y,A,Y,Y,Y,Y,,,Y,Y,,Y,Y,,Y,,,Y,Y,A,Y,,Y,,Y,Y,Y,Y,Y,Y,,,,A,,,Y,Y,,,Y,,,,,,Y,A,Y,X,Y,Y,Y,Y,Y,,,,Y,,Y,A,A,Y,Y,,Y,,A,Y,Y,X,X,Y,Y,Y,Y,Y,Y,A,Y,Y,,Y,Y,A,N,A,Y,Y,A,Y,,Y,,,Y,,Y,,,,Y,Y,Y,,Y,,,,A,Y,Y,Y,,Y,Y,Y,,Y,Y,Y,,,Y,,Y,Y,Y,,,Y,A,,A,Y,Y,Y,,A,Y,Y,,Y,Y,Y,Y,,Y,Y,Y,Y,,,Y,,Y,,X,X,X,X,,Y,Y,Y,,,Y,,Y,Y,,,Y,Y,X,,,Y,Y,Y,,Y,X,A,,,Y,,,Y,,,Y,,Y,Y,Y,,,,,,Y,Y,,,Y,,A,,Y,N,,Y,Y,,Y,Y,,Y,Y,Y,Y,Y,,Y
278670,1983-12-13,38,A/RES/38/58B,A/38/L.37|A/38/L.37/Add.1,,A/38/PV.95,Question of Palestine : resolution / adopted by the General Assembly,Question of Palestine.,PALESTINE QUESTION,127.0,3.0,17.0,11.0,158.0,https://digitallibrary.un.org/record/278670,Y,Y,Y,,Y,X,Y,,A,A,,Y,Y,Y,X,Y,A,Y,Y,Y,Y,,,Y,Y,,Y,Y,,Y,,,Y,Y,N,Y,,Y,,Y,Y,Y,Y,Y,Y,,,,Y,,,Y,Y,,,Y,,,,,,Y,A,Y,X,Y,Y,Y,Y,Y,,,,Y,,Y,A,A,Y,Y,,Y,,A,Y,Y,X,X,Y,Y,Y,Y,Y,Y,A,Y,Y,,Y,Y,A,N,A,Y,Y,A,Y,,Y,,,Y,,Y,,,,Y,Y,Y,,Y,,,,A,Y,Y,Y,,Y,Y,Y,,Y,Y,Y,,,Y,,Y,Y,Y,,,Y,A,,A,Y,Y,Y,,A,Y,Y,,Y,Y,Y,Y,,Y,Y,Y,Y,,,Y,,Y,,X,X,X,X,,Y,Y,Y,,,Y,,Y,Y,,,Y,Y,X,,,Y,Y,Y,,Y,X,A,,,Y,,,Y,,,Y,,Y,Y,Y,,,,,,Y,Y,,,Y,,A,,Y,N,,Y,Y,,Y,Y,,Y,Y,Y,Y,Y,,Y
278671,1983-12-13,38,A/RES/38/58C,A/38/L.38|A/38/L.38/Add.1,,A/38/PV.95,Question of Palestine : resolution / adopted by the General Assembly,Question of Palestine.,PALESTINE QUESTION,124.0,4.0,15.0,15.0,158.0,https://digitallibrary.un.org/record/278671,Y,Y,Y,,Y,X,Y,,N,Y,,Y,Y,Y,X,Y,A,Y,Y,Y,Y,,,Y,Y,,Y,Y,,Y,,,Y,Y,N,Y,,Y,,Y,X,Y,Y,Y,Y,,,,A,,,Y,Y,,,Y,,,,,,Y,A,Y,X,Y,Y,Y,Y,Y,,,,Y,,Y,Y,A,Y,Y,,Y,,A,Y,Y,X,X,Y,Y,Y,Y,X,Y,A,Y,Y,,Y,Y,A,N,A,Y,Y,A,Y,,Y,,,Y,,Y,,,,Y,Y,X,,Y,,,,A,Y,Y,Y,,Y,Y,Y,,Y,Y,Y,,,Y,,Y,Y,Y,,,Y,A,,A,Y,Y,Y,,A,Y,Y,,Y,Y,Y,Y,,Y,Y,Y,Y,,,Y,,Y,,X,X,X,X,,Y,Y,Y,,,Y,,Y,Y,,,A,Y,X,,,Y,Y,Y,,Y,X,Y,,,Y,,,Y,,,Y,,Y,Y,Y,,,,,,Y,Y,,,Y,,A,,Y,N,,Y,Y,,Y,Y,,Y,Y,Y,X,Y,,Y
278672,1983-12-13,38,A/RES/38/58D,A/38/L.39|A/38/L.39/Add.1,,A/38/PV.95,Question of Palestine : resolution / adopted by the General Assembly,Question of Palestine.,PALESTINE QUESTION,144.0,2.0,0.0,12.0,158.0,https://digitallibrary.un.org/record/278672,Y,Y,Y,,Y,X,Y,,Y,Y,,Y,Y,Y,X,Y,Y,Y,Y,Y,Y,,,Y,Y,,Y,Y,,Y,,,Y,Y,Y,Y,,Y,,Y,Y,Y,Y,Y,Y,,,,Y,,,Y,Y,,,Y,,,,,,Y,Y,Y,X,Y,Y,Y,Y,Y,,,,Y,,Y,Y,Y,Y,Y,,Y,,Y,Y,Y,X,X,Y,Y,Y,Y,Y,Y,Y,Y,Y,,Y,Y,Y,N,Y,Y,Y,Y,X,,Y,,,Y,,Y,,,,Y,Y,Y,,Y,,,,Y,Y,Y,Y,,Y,Y,Y,,Y,Y,Y,,,Y,,Y,Y,Y,,,Y,Y,,Y,Y,Y,Y,,Y,Y,Y,,Y,Y,Y,Y,,Y,Y,Y,Y,,,Y,,Y,,X,X,X,X,,Y,Y,Y,,,Y,,Y,Y,,,Y,Y,X,,,Y,Y,Y,,Y,X,Y,,,Y,,,Y,,,Y,,Y,Y,Y,,,,,,Y,Y,,,Y,,Y,,Y,N,,Y,Y,,Y,Y,,Y,Y,Y,Y,Y,,Y
278673,1983-12-13,38,A/RES/38/58E,A/38/L.40|A/38/L.40/Add.1,,A/38/PV.95,Question of Palestine : resolution / adopted by the General Assembly,Question of Palestine.,PALESTINE QUESTION,125.0,3.0,15.0,15.0,158.0,https://digitallibrary.un.org/record/278673,Y,Y,Y,,Y,X,Y,,A,Y,,Y,Y,Y,X,Y,A,Y,Y,Y,Y,,,Y,Y,,Y,Y,,Y,,,Y,Y,N,Y,,Y,,Y,X,Y,Y,Y,Y,,,,X,,,Y,Y,,,Y,,,,,,Y,A,Y,X,Y,Y,Y,Y,Y,,,,Y,,Y,Y,A,Y,Y,,Y,,A,Y,Y,X,X,Y,Y,Y,Y,Y,Y,A,Y,Y,,Y,Y,A,N,A,A,Y,A,Y,,Y,,,Y,,Y,,,,Y,Y,X,,Y,,,,A,Y,Y,Y,,Y,Y,Y,,Y,Y,Y,,,Y,,Y,Y,Y,,,Y,A,,A,Y,Y,Y,,A,Y,Y,,Y,Y,Y,Y,,Y,Y,Y,Y,,,Y,,Y,,X,X,X,X,,Y,Y,Y,,,Y,,Y,Y,,,Y,Y,X,,,Y,Y,Y,,Y,X,Y,,,Y,,,Y,,,Y,,Y,Y,Y,,,,,,Y,Y,,,Y,,A,,Y,N,,Y,Y,,Y,Y,,Y,Y,Y,X,Y,,Y
278674,1983-12-14,38,A/RES/38/59A,A/38/L.18/Rev.1|A/38/L.18/Rev.1/Add.1,,A/38/PV.96,Third United Nations Conference on the Law of the Sea : resolution / adopted by the General Assembly,Third United Nations Conference on the Law of the Sea.,LAW OF THE SEA--CONVENTION (1982),136.0,2.0,6.0,14.0,158.0,https://digitallibrary.un.org/record/278674,Y,X,Y,,X,X,X,,Y,Y,,Y,Y,Y,Y,Y,A,Y,Y,Y,A,,,Y,Y,,Y,Y,,Y,,,Y,Y,Y,Y,,Y,,X,Y,Y,Y,X,Y,,,,Y,,,Y,Y,,,Y,,,,,,Y,Y,Y,X,Y,Y,Y,Y,Y,,,,Y,,Y,Y,Y,Y,Y,,Y,,A,Y,Y,Y,Y,Y,Y,Y,Y,Y,Y,Y,Y,Y,,Y,Y,Y,A,A,Y,Y,Y,Y,,Y,,,Y,,Y,,,,Y,Y,Y,,Y,,,,X,Y,Y,Y,,Y,Y,Y,,Y,Y,Y,,,Y,,Y,Y,Y,,,Y,Y,,Y,Y,Y,Y,,Y,Y,Y,,Y,Y,Y,Y,,Y,Y,Y,Y,,,Y,,Y,,X,Y,X,X,,Y,Y,Y,,,Y,,Y,Y,,,Y,Y,X,,,Y,Y,Y,,Y,Y,Y,,,Y,,,Y,,,Y,,Y,Y,N,,,,,,Y,Y,,,Y,,A,,Y,N,,Y,Y,,Y,X,,Y,Y,Y,Y,Y,,X
278675,1983-12-15,38,A/RES/38/61,,A/38/621,A/38/PV.97,Implementation of General Assembly resolution 37/71 concerning the signature and ratification of Additional Protocol I of the Treaty for the Prohibition of Nuclear Weapons in Latin America (Treaty of Tlatelolco) : resolution / adopted by the General Assembly,Implementation of General Assembly resolution 37/71 concerning the signature and ratification of Additional Protocol I of the Treaty for the Prohibition of Nuclear Weapons in Latin America (Treaty of Tlatelolco).,LATIN AMERICA AND THE CARIBBEAN--NUCLEAR-WEAPON-FREE ZONES,135.0,0.0,9.0,14.0,158.0,https://digitallibrary.un.org/record/278675,Y,X,Y,,Y,Y,A,,Y,Y,,Y,Y,Y,Y,Y,Y,A,Y,Y,Y,,,Y,Y,,Y,Y,,Y,,,Y,Y,Y,Y,,X,,X,Y,Y,Y,X,Y,,,,Y,,,A,Y,,,Y,,,,,,Y,Y,X,X,Y,Y,Y,Y,X,,,,Y,,Y,Y,A,Y,Y,,Y,,Y,Y,Y,Y,Y,Y,X,A,Y,Y,Y,Y,Y,Y,,Y,Y,Y,Y,Y,A,Y,Y,Y,,Y,,,Y,,Y,,,,Y,Y,Y,,Y,,,,Y,Y,A,Y,,Y,A,Y,,Y,Y,Y,,,Y,,Y,Y,Y,,,Y,Y,,Y,Y,Y,Y,,Y,Y,Y,,Y,Y,Y,Y,,Y,Y,Y,Y,,,Y,,Y,,X,Y,X,X,,Y,Y,Y,,,X,,Y,Y,,,Y,Y,X,,,Y,Y,Y,,Y,Y,Y,,,Y,,,Y,,,Y,,Y,Y,Y,,,,,,Y,Y,,,Y,,Y,,Y,Y,,Y,Y,,X,A,,Y,Y,Y,Y,Y,,Y
278676,1983-12-15,38,A/RES/38/62,,A/38/622,A/38/PV.97,Cessation of all test explosions of nuclear weapons : resolution / adopted by the General Assembly,Cessation of all test explosions of nuclear weapons.,NUCLEAR WEAPON TESTS--CESSATION,119.0,2.0,26.0,11.0,158.0,https://digitallibrary.un.org/record/278676,Y,X,Y,,Y,Y,A,,A,Y,,Y,Y,Y,Y,Y,A,Y,Y,Y,Y,,,Y,A,,Y,Y,,Y,,,X,Y,A,Y,,Y,,Y,A,A,Y,X,Y,,,,Y,,,Y,Y,,,Y,,,,,,Y,A,Y,X,Y,Y,Y,Y,X,,,,Y,,Y,Y,A,Y,Y,,Y,,A,Y,A,Y,Y,Y,X,Y,Y,Y,Y,A,A,Y,,Y,Y,Y,A,A,Y,Y,A,Y,,Y,,,Y,,Y,,,,Y,Y,Y,,Y,,,,A,Y,Y,Y,,Y,Y,Y,,Y,Y,Y,,,Y,,Y,Y,A,,,Y,A,,A,Y,Y,Y,,A,Y,Y,,Y,Y,Y,Y,,Y,Y,A,Y,,,Y,,Y,,X,Y,X,X,,Y,Y,Y,,,Y,,Y,Y,,,A,Y,X,,,A,Y,Y,,Y,Y,Y,,,Y,,,Y,,,Y,,Y,Y,A,,,,,,Y,Y,,,Y,,N,,Y,N,,Y,Y,,X,Y,,Y,Y,Y,Y,A,,Y
278677,1983-12-15,38,A/RES/38/63,,A/38/623,A/38/PV.97,Urgent need for a comprehensive nuclear test-ban treaty : resolution / adopted by the General Assembly,Urgent need for a Comprehensive Nuclear-Test-Ban Treaty.,NUCLEAR WEAPON TESTS--TREATIES,117.0,0.0,29.0,12.0,158.0,https://digitallibrary.un.org/record/278677,A,X,Y,,Y,Y,A,,Y,Y,,Y,Y,Y,Y,A,Y,X,Y,Y,Y,,,Y,Y,,A,Y,,Y,,,Y,Y,Y,Y,,Y,,Y,Y,A,Y,X,Y,,,,Y,,,A,Y,,,A,,,,,,A,Y,Y,X,Y,Y,Y,Y,X,,,,Y,,Y,Y,A,Y,Y,,A,,Y,Y,Y,Y,Y,Y,X,Y,Y,Y,A,Y,A,Y,,X,Y,Y,A,Y,Y,Y,Y,Y,,Y,,,Y,,A,,,,Y,Y,Y,,Y,,,,Y,Y,Y,Y,,Y,Y,Y,,Y,Y,A,,,A,,Y,A,Y,,,Y,Y,,Y,A,Y,A,,Y,Y,Y,,Y,Y,Y,A,,Y,A,Y,Y,,,Y,,Y,,X,Y,X,X,,Y,Y,Y,,,Y,,Y,Y,,,Y,Y,X,,,Y,Y,Y,,Y,Y,Y,,,Y,,,Y,,,Y,,Y,Y,Y,,,,,,A,A,,,Y,,A,,Y,A,,Y,A,,X,A,,A,Y,Y,Y,A,,Y
278678,1983-12-15,38,A/RES/38/65,,A/38/626,A/38/PV.97,Establishment of a nuclear-weapon-free zone in South Asia : resolution / adopted by the General Assembly,Establishment of a nuclear-weapon-free zone in South Asia.,SOUTH ASIA--NUCLEAR-WEAPON-FREE ZONES,94.0,3.0,46.0,15.0,158.0,https://digitallibrary.un.org/record/278678,A,X,A,,Y,Y,A,,A,A,,A,Y,Y,Y,A,Y,A,A,N,Y,,,Y,A,,A,A,,Y,,,Y,Y,Y,A,,X,,Y,Y,Y,Y,X,A,,,,Y,,,A,A,,,A,,,,,,A,A,Y,X,Y,Y,Y,Y,X,,,,A,,A,Y,A,Y,Y,,A,,Y,Y,Y,X,Y,A,X,Y,Y,Y,A,A,N,A,,Y,Y,Y,A,A,Y,Y,Y,Y,,Y,,,Y,,A,,,,Y,Y,Y,,Y,,,,Y,A,Y,Y,,Y,Y,Y,,Y,N,Y,,,A,,Y,A,A,,,Y,Y,,Y,A,Y,Y,,A,Y,Y,,Y,A,Y,Y,,Y,A,Y,Y,,,Y,,Y,,X,Y,X,X,,A,Y,Y,,,A,,Y,Y,,,X,Y,X,,,Y,Y,Y,,X,Y,A,,,X,,,Y,,,Y,,Y,Y,Y,,,,,,Y,A,,,Y,,A,,Y,Y,,Y,A,,X,Y,,A,Y,A,Y,Y,,Y
278679,1983-12-15,38,A/RES/38/67,,A/38/630,A/38/PV.97,Conclusion of an international convention on the strengthening of the security of non-nuclear-weapon States against the use or threat of use of nuclear weapons : resolution / adopted by the General Assembly,Conclusion of an international convention on the strengthening of the security of non-nuclear-weapon States against the use or threat of use of nuclear weapons.,NON-NUCLEAR-WEAPON STATES--SECURITY--STRENGTHENING--CONVENTION (DRAFT),108.0,17.0,18.0,15.0,158.0,https://digitallibrary.un.org/record/278679,Y,X,Y,,Y,Y,A,,N,A,,A,Y,Y,Y,Y,N,A,Y,X,Y,,,Y,A,,Y,Y,,Y,,,X,Y,N,Y,,Y,,Y,Y,X,Y,X,Y,,,,Y,,,Y,Y,,,Y,,,,,,Y,N,Y,X,Y,Y,Y,Y,X,,,,Y,,Y,Y,N,Y,Y,,Y,,N,Y,Y,Y,Y,Y,X,Y,Y,Y,Y,N,A,Y,,Y,Y,A,A,N,A,Y,A,Y,,Y,,,Y,,Y,,,,Y,Y,Y,,Y,,,,N,Y,Y,A,,Y,Y,Y,,Y,Y,Y,,,Y,,X,Y,A,,,Y,N,,N,Y,Y,Y,,N,Y,Y,,Y,Y,A,Y,,A,Y,N,Y,,,Y,,Y,,X,A,X,X,,Y,Y,Y,,,Y,,Y,A,,,X,X,X,,,N,Y,Y,,Y,Y,A,,,Y,,,Y,,,Y,,Y,Y,N,,,,,,Y,Y,,,Y,,N,,Y,N,,A,Y,,Y,Y,,Y,Y,Y,Y,Y,,Y
278680,1983-12-15,38,A/RES/38/68,,A/38/631,A/38/PV.97,Conclusion of effective international arrangements to assure non-nuclear-weapon States against the use or threat of use of nuclear weapons : resolution / adopted by the General Assembly,Conclusion of effective international arrangements to assure non-nuclear-weapon States against the use or threat of use of nuclear weapons.,NON-NUCLEAR-WEAPON STATES--SECURITY--STRENGTHENING--INTERNATIONAL ARRANGEMENTS,141.0,0.0,6.0,11.0,158.0,https://digitallibrary.un.org/record/278680,Y,X,Y,,Y,Y,A,,Y,Y,,Y,Y,Y,Y,Y,Y,Y,Y,X,Y,,,Y,A,,Y,Y,,Y,,,Y,Y,Y,Y,,Y,,Y,Y,Y,Y,X,Y,,,,Y,,,Y,Y,,,Y,,,,,,Y,Y,Y,X,Y,Y,Y,Y,X,,,,Y,,Y,Y,Y,Y,Y,,Y,,Y,Y,Y,Y,Y,Y,X,Y,Y,Y,Y,Y,A,Y,,Y,Y,Y,Y,Y,Y,Y,Y,Y,,Y,,,Y,,Y,,,,Y,Y,Y,,Y,,,,Y,Y,Y,Y,,Y,Y,Y,,Y,Y,Y,,,Y,,Y,Y,Y,,,Y,Y,,Y,Y,Y,Y,,Y,Y,Y,,Y,Y,Y,Y,,A,Y,Y,Y,,,Y,,Y,,X,Y,X,X,,Y,Y,Y,,,Y,,Y,Y,,,X,Y,X,,,Y,Y,Y,,Y,Y,Y,,,Y,,,Y,,,Y,,Y,Y,Y,,,,,,Y,Y,,,Y,,A,,Y,A,,Y,Y,,Y,Y,,Y,Y,Y,Y,Y,,Y
278681,1983-12-15,38,A/RES/38/69,,A/38/632,A/38/PV.97,Israeli nuclear armament : resolution / adopted by the General Assembly,Israeli nuclear armament.,ISRAEL--NUCLEAR WEAPONS,99.0,2.0,39.0,18.0,158.0,https://digitallibrary.un.org/record/278681,Y,Y,Y,,Y,X,A,,A,A,,A,Y,Y,Y,Y,A,X,Y,Y,Y,,,Y,Y,,Y,Y,,Y,,,Y,Y,A,Y,,Y,,Y,A,Y,A,X,Y,,,,X,,,Y,Y,,,Y,,,,,,Y,A,Y,X,A,Y,Y,X,X,,,,Y,,A,A,A,Y,Y,,Y,,A,Y,Y,Y,A,Y,X,Y,A,A,Y,A,Y,Y,,Y,Y,A,N,A,A,X,A,Y,,Y,,,Y,,Y,,,,Y,X,A,,Y,,,,A,Y,A,Y,,Y,Y,Y,,Y,X,Y,,,Y,,Y,Y,A,,,A,A,,A,Y,Y,Y,,A,Y,Y,,A,Y,A,Y,,A,Y,A,Y,,,Y,,Y,,X,X,X,X,,Y,Y,Y,,,Y,,Y,X,,,X,Y,X,,,Y,Y,Y,,Y,A,A,,,Y,,,Y,,,Y,,Y,Y,Y,,,,,,Y,Y,,,Y,,A,,Y,N,,A,Y,,Y,Y,,Y,Y,Y,A,Y,,Y
278682,1983-12-15,38,A/RES/38/70,,A/38/633,A/38/PV.97,Prevention of an arms race in outer space : resolution / adopted by the General Assembly,Prevention of an arms race in outer space.,OUTER SPACE--ARMS RACE,147.0,1.0,1.0,9.0,158.0,https://digitallibrary.un.org/record/278682,Y,X,Y,,Y,Y,Y,,Y,Y,,Y,Y,Y,Y,Y,Y,Y,Y,Y,Y,,,Y,Y,,Y,Y,,Y,,,Y,Y,Y,Y,,Y,,Y,Y,Y,Y,X,Y,,,,Y,,,Y,Y,,,Y,,,,,,Y,Y,Y,X,Y,Y,Y,Y,X,,,,Y,,Y,Y,Y,Y,Y,,Y,,Y,Y,Y,Y,Y,Y,X,Y,Y,Y,Y,Y,Y,Y,,Y,Y,Y,Y,Y,Y,Y,Y,Y,,Y,,,Y,,Y,,,,Y,Y,Y,,Y,,,,Y,Y,Y,Y,,Y,Y,Y,,Y,Y,Y,,,Y,,Y,Y,Y,,,Y,Y,,Y,Y,Y,Y,,Y,Y,Y,,Y,Y,Y,Y,,Y,Y,Y,Y,,,Y,,Y,,X,Y,X,X,,Y,Y,Y,,,Y,,Y,Y,,,Y,Y,X,,,Y,Y,Y,,Y,Y,Y,,,Y,,,Y,,,Y,,Y,Y,Y,,,,,,Y,Y,,,Y,,A,,Y,N,,Y,Y,,Y,Y,,Y,Y,Y,Y,Y,,Y
278684,1983-12-15,38,A/RES/38/71A,,A/38/634,A/38/PV.97,Relationship between disarmament and development : resolution / adopted by the General Assembly,Relationship between disarmament and development.,DISARMAMENT--DEVELOPMENT,137.0,0.0,12.0,9.0,158.0,https://digitallibrary.un.org/record/278684,A,X,Y,,Y,Y,Y,,Y,Y,,Y,Y,Y,Y,A,Y,Y,Y,Y,Y,,,Y,Y,,A,Y,,Y,,,Y,Y,Y,Y,,Y,,Y,Y,Y,Y,X,Y,,,,Y,,,Y,Y,,,A,,,,,,Y,Y,Y,X,Y,Y,Y,Y,X,,,,Y,,Y,Y,Y,Y,Y,,A,,Y,Y,Y,Y,Y,Y,X,Y,Y,Y,A,Y,Y,Y,,Y,Y,Y,Y,Y,Y,Y,Y,Y,,Y,,,Y,,A,,,,Y,Y,Y,,Y,,,,Y,Y,Y,Y,,Y,Y,Y,,Y,Y,Y,,,A,,Y,Y,Y,,,Y,Y,,Y,Y,Y,Y,,Y,Y,Y,,Y,Y,Y,Y,,Y,A,Y,Y,,,Y,,Y,,X,Y,X,X,,Y,Y,Y,,,Y,,Y,Y,,,Y,Y,X,,,Y,Y,Y,,Y,Y,Y,,,Y,,,Y,,,Y,,Y,Y,Y,,,,,,Y,A,,,Y,,Y,,Y,Y,,Y,A,,Y,Y,,A,Y,Y,Y,Y,,Y
278686,1983-12-15,38,A/RES/38/72,,A/38/635,A/38/PV.97,Immediate cessation and prohibition of nuclear-weapon tests : resolution / adopted by the General Assembly,Immediate cessation and prohibition of nuclear-weapon tests.,NUCLEAR WEAPON TESTS--PROHIBITION,118.0,4.0,24.0,12.0,158.0,https://digitallibrary.un.org/record/278686,Y,X,Y,,Y,Y,Y,,A,Y,,Y,Y,Y,Y,Y,A,Y,Y,Y,Y,,,Y,Y,,Y,Y,,Y,,,X,Y,A,Y,,Y,,Y,Y,N,Y,X,Y,,,,Y,,,Y,Y,,,Y,,,,,,Y,A,Y,X,Y,Y,Y,Y,X,,,,Y,,Y,Y,N,Y,Y,,Y,,A,Y,Y,Y,A,Y,X,Y,Y,Y,Y,A,Y,Y,,Y,Y,Y,A,A,Y,Y,A,Y,,Y,,,Y,,Y,,,,A,Y,Y,,Y,,,,A,Y,A,Y,,Y,Y,X,,Y,Y,Y,,,Y,,X,Y,Y,,,Y,A,,A,Y,Y,Y,,A,Y,Y,,Y,Y,A,A,,Y,Y,A,Y,,,Y,,Y,,X,A,X,X,,Y,Y,Y,,,Y,,Y,Y,,,A,Y,X,,,A,Y,Y,,Y,Y,Y,,,Y,,,Y,,,Y,,Y,Y,A,,,,,,Y,Y,,,Y,,N,,Y,N,,Y,Y,,Y,A,,Y,Y,Y,Y,Y,,Y
278687,1983-12-15,38,A/RES/38/73B,,A/38/641,A/38/PV.97,Freeze on nuclear weapons : resolution / adopted by the General Assembly,Review and implementation of the Concluding Document of the 12th Special Session of the General Assembly.,DISARMAMENT--RECOMMENDATIONS OF GENERAL ASSEMBLY (12TH SPEC. SESS.)--IMPLEMENTATION,124.0,15.0,7.0,12.0,158.0,https://digitallibrary.un.org/record/278687,Y,X,Y,,Y,Y,Y,,A,Y,,Y,Y,Y,Y,Y,N,Y,Y,Y,Y,,,Y,Y,,Y,Y,,Y,,,X,Y,N,Y,,Y,,Y,Y,A,Y,X,Y,,,,Y,,,Y,Y,,,Y,,,,,,Y,Y,Y,X,Y,Y,Y,Y,X,,,,Y,,Y,Y,N,Y,Y,,Y,,N,A,Y,Y,Y,Y,X,Y,Y,Y,Y,A,Y,Y,,Y,Y,Y,N,N,Y,Y,A,Y,,Y,,,Y,,Y,,,,Y,Y,Y,,Y,,,,N,Y,Y,Y,,Y,Y,X,,Y,Y,Y,,,Y,,Y,Y,Y,,,Y,N,,N,Y,Y,Y,,N,Y,Y,,Y,Y,Y,Y,,Y,Y,N,Y,,,Y,,Y,,X,A,X,X,,Y,Y,Y,,,Y,,Y,Y,,,Y,X,X,,,N,Y,Y,,Y,Y,Y,,,Y,,,Y,,,Y,,Y,Y,N,,,,,,Y,Y,,,Y,,N,,Y,N,,Y,Y,,Y,Y,,Y,Y,Y,A,Y,,Y
278688,1983-12-15,38,A/RES/38/73E,,A/38/641,A/38/PV.97,Nuclear-arms freeze : resolution / adopted by the General Assembly,Review and implementation of the Concluding Document of the 12th Special Session of the General Assembly.,DISARMAMENT--RECOMMENDATIONS OF GENERAL ASSEMBLY (12TH SPEC. SESS.)--IMPLEMENTATION,124.0,13.0,8.0,13.0,158.0,https://digitallibrary.un.org/record/278688,Y,X,Y,,Y,Y,Y,,A,Y,,A,Y,Y,Y,Y,N,Y,Y,Y,Y,,,Y,Y,,Y,Y,,Y,,,X,Y,N,Y,,Y,,Y,Y,X,Y,X,Y,,,,Y,,,Y,Y,,,Y,,,,,,Y,Y,Y,X,Y,Y,Y,Y,X,,,,Y,,Y,Y,N,Y,Y,,Y,,N,Y,Y,Y,Y,Y,X,Y,Y,Y,Y,A,Y,Y,,Y,Y,Y,N,N,Y,Y,N,Y,,Y,,,Y,,Y,,,,Y,Y,Y,,Y,,,,N,Y,Y,Y,,Y,Y,Y,,Y,Y,Y,,,Y,,Y,Y,Y,,,Y,A,,N,Y,Y,Y,,A,Y,Y,,Y,Y,Y,Y,,Y,Y,N,Y,,,Y,,Y,,X,A,X,X,,Y,Y,Y,,,Y,,Y,Y,,,Y,X,X,,,A,Y,Y,,Y,Y,Y,,,Y,,,X,,,Y,,Y,Y,N,,,,,,Y,Y,,,Y,,N,,Y,N,,Y,Y,,Y,Y,,Y,Y,Y,A,Y,,Y
278689,1983-12-15,38,A/RES/38/73F,,A/38/641,A/38/PV.97,World Disarmament Campaign : action and activities : resolution / adopted by the General Assembly,Review and implementation of the Concluding Document of the 12th Special Session of the General Assembly.,DISARMAMENT--RECOMMENDATIONS OF GENERAL ASSEMBLY (12TH SPEC. SESS.)--IMPLEMENTATION,112.0,1.0,29.0,16.0,158.0,https://digitallibrary.un.org/record/278689,Y,X,Y,,Y,Y,A,,Y,A,,A,Y,Y,Y,Y,A,Y,Y,Y,Y,,,Y,N,,Y,Y,,Y,,,A,Y,A,Y,,Y,,Y,A,X,Y,X,Y,,,,Y,,,Y,Y,,,Y,,,,,,Y,A,Y,X,Y,Y,Y,Y,X,,,,Y,,Y,A,A,Y,Y,,Y,,A,Y,A,Y,Y,Y,X,Y,Y,A,Y,A,Y,Y,,Y,Y,A,A,A,Y,Y,Y,Y,,Y,,,Y,,Y,,,,Y,Y,Y,,Y,,,,A,Y,Y,Y,,Y,Y,X,,Y,Y,Y,,,Y,,X,Y,X,,,Y,A,,A,Y,Y,Y,,A,Y,Y,,Y,Y,A,Y,,Y,Y,A,Y,,,Y,,Y,,X,Y,X,X,,Y,Y,Y,,,Y,,Y,X,,,Y,X,X,,,A,Y,Y,,Y,Y,A,,,Y,,,Y,,,Y,,Y,Y,A,,,,,,Y,Y,,,Y,,A,,Y,A,,A,Y,,Y,Y,,Y,Y,Y,X,Y,,Y
278690,1983-12-15,38,A/RES/38/73G,,A/38/641,A/38/PV.97,Convention on the Prohibition of the Use of Nuclear Weapons : resolution / adopted by the General Assembly,Convention on the Prohibition of the Use of Nuclear Weapons.,,126.0,17.0,6.0,9.0,158.0,https://digitallibrary.un.org/record/278690,Y,X,Y,,Y,Y,Y,,N,A,,Y,Y,Y,Y,Y,N,Y,Y,Y,Y,,,Y,Y,,Y,Y,,Y,,,Y,Y,N,Y,,Y,,Y,Y,Y,Y,X,Y,,,,Y,,,Y,Y,,,Y,,,,,,Y,N,Y,X,Y,Y,Y,Y,X,,,,Y,,Y,Y,N,Y,Y,,Y,,N,Y,A,Y,Y,Y,X,Y,Y,Y,Y,N,Y,Y,,Y,Y,A,A,N,Y,Y,A,Y,,Y,,,Y,,Y,,,,Y,Y,Y,,Y,,,,N,Y,Y,Y,,Y,Y,Y,,Y,Y,Y,,,Y,,Y,Y,Y,,,Y,N,,N,Y,Y,Y,,N,Y,Y,,Y,Y,Y,Y,,A,Y,N,Y,,,Y,,Y,,X,Y,X,X,,Y,Y,Y,,,Y,,Y,Y,,,Y,Y,X,,,N,Y,Y,,Y,Y,Y,,,Y,,,Y,,,Y,,Y,Y,N,,,,,,Y,Y,,,Y,,N,,Y,N,,Y,Y,,Y,Y,,Y,Y,Y,Y,Y,,Y
278691,1983-12-15,38,A/RES/38/73H,,A/38/641,A/38/PV.97,Disarmament and international security : resolution / adopted by the General Assembly,Review and implementation of the Concluding Document of the 12th Special Session of the General Assembly.,DISARMAMENT--RECOMMENDATIONS OF GENERAL ASSEMBLY (12TH SPEC. SESS.)--IMPLEMENTATION,133.0,0.0,13.0,12.0,158.0,https://digitallibrary.un.org/record/278691,Y,X,Y,,Y,Y,Y,,Y,Y,,Y,Y,Y,Y,Y,A,Y,Y,Y,Y,,,Y,Y,,Y,Y,,Y,,,Y,Y,A,Y,,Y,,Y,Y,Y,Y,X,Y,,,,Y,,,Y,Y,,,Y,,,,,,Y,Y,Y,X,Y,Y,Y,Y,X,,,,Y,,Y,Y,A,Y,Y,,Y,,A,Y,Y,Y,Y,Y,X,Y,Y,Y,Y,Y,Y,X,,X,Y,Y,A,A,Y,Y,A,Y,,Y,,,Y,,Y,,,,Y,Y,Y,,Y,,,,A,Y,Y,Y,,Y,Y,Y,,Y,Y,Y,,,Y,,Y,Y,Y,,,Y,A,,A,Y,Y,Y,,Y,Y,Y,,Y,Y,Y,Y,,Y,Y,A,Y,,,Y,,Y,,X,Y,X,X,,Y,Y,Y,,,Y,,Y,Y,,,Y,Y,X,,,Y,Y,Y,,Y,Y,Y,,,Y,,,Y,,,Y,,Y,Y,X,,,,,,Y,Y,,,Y,,A,,Y,A,,Y,Y,,Y,Y,,Y,Y,Y,Y,Y,,Y
278692,1983-12-15,38,A/RES/38/74,,A/38/645,A/38/PV.97,Implementation of the conclusions of the Second Review Conference of the Parties of the Treaty on the Non-Proliferation of Nuclear Weapons and establishment of the Preparatory Committee for the Third Review Conference of the Parties to the Treaty : resolution / adopted by the General Assembly,Implementation of the conclusions of the 2nd Review Conference of the Parties to the Treaty on the Non-Proliferation of Nuclear Weapons and establishment of a preparatory committee for the 3rd Review Conference.,REVIEW CONFERENCE OF THE PARTIES TO THE TREATY ON THE NON-PROLIFERATION OF NUCLEAR WEAPONS (3RD : 1985 : GENEVA)--PREPARATIONS,134.0,0.0,7.0,17.0,158.0,https://digitallibrary.un.org/record/278692,Y,X,X,,Y,Y,A,,Y,Y,,Y,Y,Y,Y,Y,Y,Y,Y,Y,Y,,,Y,A,,Y,Y,,Y,,,Y,Y,Y,Y,,Y,,Y,Y,X,Y,X,Y,,,,Y,,,A,Y,,,Y,,,,,,Y,Y,X,X,Y,Y,Y,X,X,,,,Y,,Y,Y,X,Y,Y,,Y,,Y,Y,Y,Y,Y,Y,X,Y,Y,Y,Y,Y,A,Y,,Y,Y,Y,Y,Y,Y,Y,Y,Y,,Y,,,Y,,Y,,,,Y,Y,Y,,Y,,,,Y,Y,Y,Y,,Y,Y,Y,,Y,Y,Y,,,Y,,Y,X,X,,,Y,Y,,Y,Y,Y,Y,,Y,Y,A,,Y,Y,Y,Y,,Y,Y,Y,Y,,,Y,,Y,,X,Y,X,X,,Y,Y,Y,,,Y,,Y,Y,,,Y,Y,X,,,Y,Y,Y,,Y,Y,Y,,,Y,,,Y,,,Y,,Y,Y,Y,,,,,,Y,Y,,,Y,,Y,,A,Y,,Y,Y,,Y,Y,,Y,Y,Y,Y,A,,X
278693,1983-12-15,38,A/RES/38/75,,A/38/648,A/38/PV.97,Condemnation of nuclear war : resolution / adopted by the General Assembly,Condemnation of nuclear war.,NUCLEAR WAR--CONDEMNATION,95.0,19.0,30.0,14.0,158.0,https://digitallibrary.un.org/record/278693,Y,X,Y,,Y,Y,Y,,N,A,,A,Y,Y,Y,Y,N,Y,Y,Y,Y,,,Y,Y,,Y,Y,,Y,,,X,Y,N,Y,,Y,,A,Y,A,A,X,Y,,,,A,,,Y,Y,,,Y,,,,,,Y,N,X,X,A,Y,Y,Y,X,,,,Y,,A,A,N,Y,A,,Y,,N,Y,Y,Y,A,Y,X,Y,A,A,Y,N,Y,Y,,Y,Y,A,N,N,A,Y,N,Y,,Y,,,Y,,Y,,,,A,Y,A,,Y,,,,N,Y,A,Y,,Y,Y,X,,Y,Y,Y,,,Y,,A,Y,Y,,,Y,N,,N,Y,Y,Y,,N,Y,Y,,Y,A,A,Y,,A,Y,N,Y,,,Y,,A,,X,A,X,X,,Y,Y,A,,,Y,,Y,A,,,A,X,X,,,N,Y,Y,,A,Y,A,,,Y,,,Y,,,Y,,X,Y,N,,,,,,Y,Y,,,Y,,N,,Y,N,,Y,Y,,Y,Y,,Y,Y,Y,A,Y,,Y
278694,1983-12-15,38,A/RES/38/76,,A/38/649,A/38/PV.97,Nuclear-weapon freeze : resolution / adopted by the General Assembly,Nuclear-weapon freeze.,NUCLEAR WEAPON FREEZE,108.0,18.0,20.0,12.0,158.0,https://digitallibrary.un.org/record/278694,Y,X,Y,,Y,Y,Y,,A,Y,,Y,Y,Y,Y,Y,N,Y,Y,Y,Y,,,Y,Y,,Y,Y,,Y,,,X,Y,N,Y,,Y,,A,Y,A,Y,X,Y,,,,A,,,Y,Y,,,Y,,,,,,Y,N,X,X,A,Y,Y,Y,X,,,,Y,,Y,Y,N,Y,Y,,Y,,N,Y,Y,Y,A,Y,X,Y,Y,A,Y,N,Y,Y,,Y,Y,Y,N,N,A,Y,N,Y,,Y,,,Y,,Y,,,,A,Y,A,,Y,,,,N,Y,A,Y,,Y,Y,X,,Y,Y,Y,,,Y,,A,Y,Y,,,Y,N,,N,Y,Y,Y,,N,Y,Y,,Y,Y,A,Y,,A,Y,N,Y,,,Y,,Y,,X,A,X,X,,Y,Y,Y,,,Y,,Y,Y,,,Y,A,X,,,N,Y,Y,,Y,A,A,,,Y,,,Y,,,Y,,Y,Y,N,,,,,,Y,Y,,,Y,,N,,Y,N,,A,Y,,Y,Y,,Y,Y,Y,A,Y,,Y
278695,1983-12-15,38,A/RES/38/79A,A/38/L.48,A/38/718,A/38/PV.98,Report of Special Committee to Investigate Israeli Practices Affecting the Human Rights of the Population of the Occupied Territories : resolution / adopted by the General Assembly,Report of the Special Committee to Investigate Israeli Practices Affecting the Human Rights of the Population of the Occupied Territories.,TERRITORIES OCCUPIED BY ISRAEL--HUMAN RIGHTS--REPORTS,110.0,2.0,29.0,17.0,158.0,https://digitallibrary.un.org/record/278695,Y,Y,Y,,Y,X,Y,,A,Y,,A,Y,Y,A,Y,Y,A,Y,Y,A,,,Y,A,,Y,Y,,Y,,,Y,Y,A,Y,,Y,,Y,X,Y,A,X,Y,,,,A,,,Y,Y,,,Y,,,,,,Y,Y,Y,X,A,A,Y,A,Y,,,,Y,,Y,A,Y,Y,Y,,Y,,Y,Y,Y,Y,X,Y,Y,Y,X,X,Y,A,Y,Y,,Y,Y,Y,N,Y,X,A,Y,Y,,Y,,,Y,,Y,,,,Y,A,A,,Y,,,,Y,Y,A,Y,,Y,Y,Y,,Y,Y,Y,,,Y,,Y,Y,X,,,A,Y,,Y,Y,Y,Y,,A,Y,Y,,A,Y,A,A,,X,Y,Y,Y,,,Y,,Y,,X,X,X,X,,Y,Y,Y,,,Y,,Y,X,,,Y,Y,X,,,Y,A,Y,,Y,A,A,,,Y,,,X,,,Y,,A,Y,Y,,,,,,Y,Y,,,Y,,Y,,Y,N,,A,Y,,Y,Y,,Y,Y,Y,A,Y,,Y
278696,1983-12-15,38,A/RES/38/79B,,A/38/718,A/38/PV.98,Report of Special Committee to Investigate Israeli Practices Affecting the Human Rights of the Population of the Occupied Territories : resolution / adopted by the General Assembly,Report of the Special Committee to Investigate Israeli Practices Affecting the Human Rights of the Population of the Occupied Territories.,TERRITORIES OCCUPIED BY ISRAEL--HUMAN RIGHTS--REPORTS,146.0,1.0,1.0,10.0,158.0,https://digitallibrary.un.org/record/278696,Y,Y,Y,,Y,X,Y,,Y,Y,,Y,Y,Y,Y,Y,Y,Y,Y,Y,Y,,,Y,Y,,Y,Y,,Y,,,Y,Y,Y,Y,,Y,,Y,Y,Y,Y,X,Y,,,,Y,,,Y,Y,,,Y,,,,,,Y,Y,Y,Y,Y,Y,Y,Y,Y,,,,Y,,Y,Y,Y,Y,Y,,Y,,Y,Y,Y,Y,X,Y,Y,Y,X,X,Y,Y,Y,Y,,Y,Y,Y,N,Y,Y,Y,Y,Y,,X,,,Y,,Y,,,,Y,Y,Y,,Y,,,,Y,Y,Y,Y,,Y,Y,Y,,Y,Y,Y,,,Y,,Y,Y,Y,,,Y,Y,,Y,Y,Y,Y,,Y,Y,Y,,Y,Y,Y,Y,,Y,Y,Y,Y,,,Y,,Y,,X,Y,X,X,,Y,Y,Y,,,Y,,Y,Y,,,Y,Y,X,,,Y,Y,Y,,Y,Y,Y,,,Y,,,Y,,,Y,,Y,Y,Y,,,,,,Y,Y,,,Y,,Y,,Y,A,,Y,Y,,Y,Y,,Y,Y,Y,Y,Y,,Y
278697,1983-12-15,38,A/RES/38/79C,,A/38/718,A/38/PV.98,Report of Special Committee to Investigate Israeli Practices Affecting the Human Rights of the Population of the Occupied Territories : resolution / adopted by the General Assembly,Report of the Special Committee to Investigate Israeli Practices Affecting the Human Rights of the Population of the Occupied Territories.,TERRITORIES OCCUPIED BY ISRAEL--HUMAN RIGHTS--REPORTS,147.0,1.0,1.0,9.0,158.0,https://digitallibrary.un.org/record/278697,Y,Y,Y,,Y,X,Y,,Y,Y,,Y,Y,Y,Y,Y,Y,Y,Y,Y,Y,,,Y,Y,,Y,Y,,Y,,,Y,Y,Y,Y,,Y,,Y,Y,Y,Y,X,Y,,,,Y,,,Y,Y,,,Y,,,,,,Y,Y,Y,Y,Y,Y,Y,Y,Y,,,,Y,,Y,Y,Y,Y,Y,,Y,,Y,Y,Y,Y,X,Y,Y,Y,X,X,Y,Y,Y,Y,,Y,Y,Y,N,Y,Y,Y,Y,Y,,Y,,,Y,,Y,,,,Y,Y,Y,,Y,,,,Y,Y,Y,Y,,Y,Y,Y,,Y,Y,Y,,,Y,,Y,Y,Y,,,Y,Y,,Y,Y,Y,Y,,Y,Y,Y,,Y,Y,Y,Y,,Y,Y,Y,Y,,,Y,,Y,,X,Y,X,X,,Y,Y,Y,,,Y,,Y,Y,,,Y,Y,X,,,Y,Y,Y,,Y,Y,Y,,,Y,,,Y,,,Y,,Y,Y,Y,,,,,,Y,Y,,,Y,,Y,,Y,A,,Y,Y,,Y,Y,,Y,Y,Y,Y,Y,,Y
278698,1983-12-15,38,A/RES/38/79D,,A/38/718,A/38/PV.98,Report of Special Committee to Investigate Israeli Practices Affecting the Human Rights of the Population of the Occupied Territories : resolution / adopted by the General Assembly,Report of the Special Committee to Investigate Israeli Practices Affecting the Human Rights of the Population of the Occupied Territories.,TERRITORIES OCCUPIED BY ISRAEL--HUMAN RIGHTS--REPORTS,115.0,2.0,27.0,14.0,158.0,https://digitallibrary.un.org/record/278698,Y,Y,Y,,Y,X,Y,,A,A,,A,Y,Y,A,Y,A,Y,Y,Y,Y,,,Y,Y,,Y,Y,,Y,,,Y,Y,A,Y,,Y,,Y,X,Y,Y,X,Y,,,,A,,,Y,Y,,,Y,,,,,,Y,A,Y,X,A,Y,Y,X,Y,,,,Y,,Y,A,A,Y,Y,,Y,,A,Y,Y,Y,X,Y,Y,Y,X,X,Y,A,Y,Y,,Y,Y,A,N,A,A,Y,A,Y,,Y,,,Y,,Y,,,,Y,Y,Y,,Y,,,,A,Y,A,Y,,Y,Y,Y,,Y,Y,Y,,,Y,,Y,Y,Y,,,Y,A,,A,Y,Y,Y,,A,Y,Y,,Y,Y,A,Y,,Y,Y,Y,Y,,,Y,,Y,,X,X,X,X,,Y,Y,Y,,,Y,,Y,Y,,,X,Y,X,,,Y,Y,Y,,Y,A,A,,,Y,,,Y,,,Y,,Y,Y,Y,,,,,,Y,Y,,,Y,,A,,Y,N,,Y,Y,,Y,Y,,Y,Y,Y,A,Y,,Y
278699,1983-12-15,38,A/RES/38/79E,,A/38/718,A/38/PV.98,Report of Special Committee to Investigate Israeli Practices Affecting the Human Rights of the Population of the Occupied Territories : resolution / adopted by the General Assembly,Report of the Special Committee to Investigate Israeli Practices Affecting the Human Rights of the Population of the Occupied Territories.,TERRITORIES OCCUPIED BY ISRAEL--HUMAN RIGHTS--REPORTS,146.0,1.0,1.0,10.0,158.0,https://digitallibrary.un.org/record/278699,Y,Y,Y,,Y,X,Y,,Y,Y,,Y,Y,Y,Y,Y,Y,Y,Y,Y,Y,,,Y,Y,,Y,Y,,Y,,,Y,Y,Y,Y,,Y,,Y,Y,Y,Y,X,Y,,,,Y,,,Y,Y,,,Y,,,,,,Y,Y,Y,X,Y,Y,Y,Y,Y,,,,Y,,Y,Y,Y,Y,Y,,Y,,Y,Y,Y,Y,X,Y,Y,Y,X,X,Y,Y,Y,Y,,Y,Y,Y,N,Y,Y,Y,Y,Y,,Y,,,Y,,Y,,,,Y,Y,Y,,Y,,,,Y,Y,Y,Y,,Y,Y,Y,,Y,Y,Y,,,Y,,Y,Y,Y,,,Y,Y,,Y,Y,Y,Y,,Y,Y,Y,,Y,Y,Y,Y,,Y,Y,Y,Y,,,Y,,Y,,X,Y,X,X,,Y,Y,Y,,,Y,,Y,Y,,,Y,Y,X,,,Y,Y,Y,,Y,Y,Y,,,Y,,,Y,,,Y,,Y,Y,Y,,,,,,Y,Y,,,Y,,Y,,Y,A,,Y,Y,,Y,Y,,Y,Y,Y,Y,Y,,Y
278700,1983-12-15,38,A/RES/38/79F,,A/38/718,A/38/PV.98,Report of Special Committee to Investigate Israeli Practices Affecting the Human Rights of the Population of the Occupied Territories : resolution / adopted by the General Assembly,Report of the Special Committee to Investigate Israeli Practices Affecting the Human Rights of the Population of the Occupied Territories.,TERRITORIES OCCUPIED BY ISRAEL--HUMAN RIGHTS--REPORTS,144.0,1.0,1.0,12.0,158.0,https://digitallibrary.un.org/record/278700,Y,Y,Y,,Y,X,Y,,Y,Y,,Y,Y,Y,Y,Y,Y,Y,Y,Y,Y,,,Y,Y,,Y,Y,,Y,,,Y,Y,Y,Y,,Y,,Y,Y,Y,Y,X,Y,,,,Y,,,Y,Y,,,Y,,,,,,Y,Y,Y,X,Y,Y,Y,Y,Y,,,,Y,,Y,Y,Y,Y,Y,,Y,,Y,Y,Y,Y,X,Y,Y,Y,X,X,Y,Y,Y,Y,,Y,Y,Y,N,Y,Y,Y,Y,Y,,Y,,,Y,,Y,,,,Y,Y,Y,,Y,,,,Y,Y,Y,Y,,Y,Y,Y,,Y,Y,Y,,,Y,,Y,Y,Y,,,Y,Y,,Y,Y,Y,Y,,Y,Y,Y,,Y,Y,Y,Y,,Y,Y,Y,Y,,,Y,,Y,,X,X,X,X,,Y,Y,Y,,,Y,,Y,Y,,,Y,Y,X,,,Y,Y,Y,,Y,Y,Y,,,Y,,,Y,,,Y,,Y,Y,Y,,,,,,Y,Y,,,Y,,Y,,Y,A,,Y,Y,,Y,Y,,Y,Y,Y,X,Y,,Y
278701,1983-12-15,38,A/RES/38/79G,,A/38/718,A/38/PV.98,Report of Special Committee to Investigate Israeli Practices Affecting the Human Rights of the Population of the Occupied Territories : resolution / adopted by the General Assembly,Report of the Special Committee to Investigate Israeli Practices Affecting the Human Rights of the Population of the Occupied Territories.,TERRITORIES OCCUPIED BY ISRAEL--HUMAN RIGHTS--REPORTS,116.0,2.0,28.0,12.0,158.0,https://digitallibrary.un.org/record/278701,Y,Y,Y,,Y,X,Y,,A,Y,,Y,Y,Y,A,Y,A,Y,Y,Y,Y,,,Y,Y,,Y,Y,,Y,,,Y,Y,A,Y,,Y,,Y,A,Y,A,X,Y,,,,A,,,Y,Y,,,Y,,,,,,Y,A,Y,X,Y,Y,Y,X,Y,,,,Y,,Y,A,A,Y,Y,,Y,,A,Y,Y,Y,X,Y,Y,Y,X,X,Y,A,Y,Y,,Y,Y,A,N,A,Y,Y,A,Y,,Y,,,Y,,Y,,,,Y,Y,A,,Y,,,,A,Y,Y,Y,,Y,Y,Y,,Y,Y,Y,,,Y,,Y,Y,A,,,Y,A,,A,Y,Y,Y,,A,Y,Y,,Y,Y,A,Y,,Y,Y,Y,Y,,,Y,,Y,,X,X,X,X,,Y,Y,Y,,,Y,,Y,Y,,,A,Y,X,,,Y,Y,Y,,Y,A,A,,,Y,,,Y,,,Y,,Y,Y,Y,,,,,,Y,Y,,,Y,,A,,Y,N,,A,Y,,Y,Y,,Y,Y,Y,A,Y,,Y
278702,1983-12-15,38,A/RES/38/79H,,A/38/718,A/38/PV.98,Report of Special Committee to Investigate Israeli Practices Affecting the Human Rights of the Population of the Occupied Territories : resolution / adopted by the General Assembly,Report of the Special Committee to Investigate Israeli Practices Affecting the Human Rights of the Population of the Occupied Territories.,TERRITORIES OCCUPIED BY ISRAEL--HUMAN RIGHTS--REPORTS,145.0,1.0,1.0,11.0,158.0,https://digitallibrary.un.org/record/278702,Y,Y,Y,,Y,X,Y,,Y,Y,,Y,Y,Y,Y,Y,Y,Y,Y,Y,Y,,,Y,Y,,Y,Y,,Y,,,Y,Y,Y,Y,,Y,,Y,Y,Y,Y,X,Y,,,,Y,,,Y,Y,,,Y,,,,,,Y,Y,Y,X,Y,Y,Y,Y,Y,,,,Y,,Y,Y,Y,Y,Y,,Y,,Y,Y,Y,Y,X,Y,Y,Y,X,X,Y,Y,Y,Y,,Y,Y,Y,N,Y,Y,Y,Y,Y,,Y,,,Y,,Y,,,,Y,Y,Y,,Y,,,,Y,Y,Y,Y,,Y,Y,Y,,Y,Y,Y,,,Y,,Y,Y,Y,,,Y,Y,,Y,Y,Y,Y,,Y,Y,Y,,Y,Y,Y,Y,,Y,Y,Y,Y,,,Y,,Y,,X,Y,X,X,,Y,Y,Y,,,Y,,Y,Y,,,Y,Y,X,,,Y,Y,Y,,Y,Y,Y,,,Y,,,Y,,,Y,,Y,Y,Y,,,,,,Y,Y,,,Y,,Y,,Y,A,,Y,Y,,Y,Y,,Y,Y,Y,X,Y,,Y
278703,1983-12-15,38,A/RES/38/80,,A/38/714,A/38/PV.98,International co-operation in the peaceful uses of outer space : resolution / adopted by the General Assembly,International co-operation in the peaceful uses of outer space.,OUTER SPACE--PEACEFUL USES,124.0,12.0,8.0,14.0,158.0,https://digitallibrary.un.org/record/278703,Y,X,Y,,Y,X,Y,,N,Y,,Y,Y,Y,Y,Y,N,Y,Y,Y,Y,,,Y,Y,,Y,Y,,Y,,,Y,Y,A,Y,,X,,Y,Y,Y,Y,X,Y,,,,X,,,X,Y,,,Y,,,,,,Y,A,Y,Y,Y,Y,Y,Y,Y,,,,Y,,Y,A,N,Y,Y,,Y,,N,Y,Y,X,X,Y,Y,Y,X,Y,Y,A,Y,Y,,Y,Y,Y,N,N,Y,Y,N,Y,,Y,,,Y,,Y,,,,Y,Y,Y,,Y,,,,N,Y,Y,Y,,Y,Y,Y,,Y,Y,Y,,,Y,,Y,Y,Y,,,Y,N,,N,Y,Y,Y,,A,Y,Y,,Y,Y,Y,Y,,Y,Y,A,Y,,,Y,,Y,,X,Y,X,X,,Y,Y,Y,,,Y,,Y,Y,,,X,Y,X,,,A,Y,Y,,Y,Y,A,,,Y,,,Y,,,Y,,Y,Y,Y,,,,,,Y,Y,,,Y,,N,,Y,N,,Y,Y,,Y,Y,,Y,Y,Y,Y,Y,,Y
278704,1983-12-15,38,A/RES/38/81,,A/38/719,A/38/PV.98,Comprehensive review of the whole question of peace-keeping operations in all their aspects : resolution / adopted by the General Assembly,Comprehensive review of the whole question of peacekeeping operations in all their aspects.,PEACEKEEPING OPERATIONS--REVIEW,125.0,16.0,5.0,12.0,158.0,https://digitallibrary.un.org/record/278704,N,N,Y,,X,X,Y,,Y,Y,,Y,Y,Y,Y,N,Y,Y,X,Y,Y,,,Y,Y,,N,Y,,Y,,,Y,Y,Y,Y,,Y,,Y,Y,Y,Y,X,Y,,,,Y,,,N,Y,,,N,,,,,,A,Y,X,Y,Y,Y,Y,Y,Y,,,,Y,,Y,Y,Y,Y,Y,,N,,Y,Y,Y,Y,Y,Y,Y,Y,X,Y,N,Y,Y,Y,,X,Y,Y,Y,Y,Y,Y,Y,Y,,Y,,,Y,,N,,,,Y,Y,Y,,X,,,,Y,Y,Y,Y,,Y,Y,Y,,Y,Y,Y,,,N,,Y,N,Y,,,Y,Y,,Y,Y,Y,Y,,Y,Y,A,,Y,Y,Y,Y,,Y,N,Y,Y,,,Y,,Y,,X,Y,X,X,,Y,Y,Y,,,A,,Y,Y,,,Y,Y,X,,,Y,Y,Y,,Y,Y,Y,,,A,,,Y,,,Y,,Y,Y,N,,,,,,Y,N,,,Y,,Y,,Y,Y,,Y,N,,Y,Y,,N,A,Y,Y,Y,,Y
278705,1983-12-15,38,A/RES/38/82B,,A/38/699|A/38/699/Corr.1,A/38/PV.98,Question relating to information : resolution / adopted by the General Assembly,Questions relating to information.,PUBLIC INFORMATION,135.0,4.0,9.0,10.0,158.0,https://digitallibrary.un.org/record/278705,Y,X,Y,,Y,X,Y,,Y,A,,Y,Y,Y,Y,Y,A,Y,Y,Y,Y,,,Y,Y,,Y,Y,,Y,,,Y,Y,A,Y,,X,,Y,Y,Y,Y,X,Y,,,,Y,,,Y,Y,,,Y,,,,,,Y,Y,Y,Y,Y,N,Y,Y,Y,,,,Y,,Y,Y,A,Y,Y,,Y,,X,Y,Y,Y,Y,Y,Y,Y,X,Y,Y,Y,Y,Y,,Y,Y,Y,N,A,Y,Y,A,Y,,Y,,,Y,,Y,,,,Y,Y,Y,,Y,,,,A,Y,Y,Y,,Y,Y,Y,,Y,Y,Y,,,Y,,Y,Y,Y,,,Y,A,,A,Y,Y,Y,,Y,Y,Y,,Y,Y,Y,Y,,Y,Y,Y,Y,,,Y,,Y,,X,Y,X,X,,Y,Y,Y,,,Y,,Y,Y,,,Y,Y,X,,,Y,Y,Y,,Y,Y,Y,,,Y,,,Y,,,Y,,Y,Y,Y,,,,,,Y,Y,,,Y,,N,,Y,N,,Y,Y,,Y,Y,,Y,Y,Y,Y,Y,,Y
278706,1983-12-15,38,A/RES/38/83A,,A/38/700,A/38/PV.98,Assistance to Palestine refugees : resolution / adopted by the General Assembly,United Nations Relief and Works Agency for Palestine Refugees in the Near East.,PALESTINE REFUGEES--ASSISTANCE,147.0,0.0,1.0,10.0,158.0,https://digitallibrary.un.org/record/278706,Y,X,Y,,Y,X,Y,,Y,Y,,Y,Y,Y,Y,Y,Y,Y,Y,Y,Y,,,Y,Y,,Y,Y,,Y,,,Y,Y,Y,Y,,Y,,Y,Y,Y,Y,X,Y,,,,Y,,,Y,Y,,,Y,,,,,,Y,Y,Y,Y,Y,Y,Y,Y,Y,,,,Y,,Y,Y,Y,Y,Y,,Y,,Y,Y,Y,Y,X,Y,Y,Y,X,Y,Y,Y,Y,Y,,Y,Y,Y,A,Y,Y,Y,Y,Y,,Y,,,Y,,Y,,,,Y,Y,Y,,Y,,,,Y,Y,Y,Y,,Y,Y,Y,,Y,Y,Y,,,Y,,Y,Y,Y,,,Y,Y,,Y,Y,Y,Y,,Y,Y,Y,,Y,Y,Y,Y,,Y,Y,Y,Y,,,Y,,Y,,X,Y,X,X,,Y,Y,Y,,,Y,,Y,Y,,,X,Y,X,,,Y,Y,Y,,Y,Y,Y,,,Y,,,Y,,,Y,,Y,Y,Y,,,,,,Y,Y,,,Y,,Y,,Y,Y,,Y,Y,,Y,Y,,Y,Y,Y,Y,Y,,Y
278707,1983-12-15,38,A/RES/38/83D,,A/38/700,A/38/PV.98,"Offers by Member States of grants and scholarships for higher education, including vocational training, for Palestine Refugees : resolution / adopted by the General Assembly",United Nations Relief and Works Agency for Palestine Refugees in the Near East.,PALESTINE REFUGEES--ASSISTANCE,147.0,0.0,1.0,10.0,158.0,https://digitallibrary.un.org/record/278707,Y,X,Y,,Y,X,Y,,Y,Y,,Y,Y,Y,Y,Y,Y,Y,Y,Y,Y,,,Y,Y,,Y,Y,,Y,,,Y,Y,Y,Y,,Y,,Y,Y,Y,Y,X,Y,,,,Y,,,Y,Y,,,Y,,,,,,Y,Y,Y,Y,Y,Y,Y,Y,Y,,,,Y,,Y,Y,Y,Y,Y,,Y,,Y,Y,Y,Y,X,Y,Y,Y,X,Y,Y,Y,Y,Y,,Y,Y,Y,A,Y,Y,Y,Y,Y,,Y,,,Y,,Y,,,,Y,Y,Y,,Y,,,,Y,Y,Y,Y,,Y,Y,Y,,Y,Y,Y,,,Y,,Y,Y,Y,,,Y,Y,,Y,Y,Y,Y,,Y,Y,Y,,Y,Y,Y,Y,,Y,Y,Y,Y,,,Y,,Y,,X,Y,X,X,,Y,Y,Y,,,Y,,Y,Y,,,X,Y,X,,,Y,Y,Y,,Y,Y,Y,,,Y,,,Y,,,Y,,Y,Y,Y,,,,,,Y,Y,,,Y,,Y,,Y,Y,,Y,Y,,Y,Y,,Y,Y,Y,Y,Y,,Y
278708,1983-12-15,38,A/RES/38/83E,,A/38/700,A/38/PV.98,Palestine refugees in the Gaza Strip : resolution / adopted by the General Assembly,United Nations Relief and Works Agency for Palestine Refugees in the Near East.,PALESTINE REFUGEES--ASSISTANCE,146.0,2.0,0.0,10.0,158.0,https://digitallibrary.un.org/record/278708,Y,Y,Y,,Y,X,Y,,Y,Y,,Y,Y,Y,Y,Y,Y,Y,Y,Y,Y,,,Y,Y,,Y,Y,,Y,,,Y,Y,Y,Y,,Y,,Y,Y,Y,Y,X,Y,,,,Y,,,Y,Y,,,Y,,,,,,Y,Y,Y,X,Y,Y,Y,Y,Y,,,,Y,,Y,Y,Y,Y,Y,,Y,,Y,Y,Y,Y,X,Y,Y,Y,X,Y,Y,Y,Y,Y,,Y,Y,Y,N,Y,Y,Y,Y,Y,,Y,,,Y,,Y,,,,Y,Y,Y,,Y,,,,Y,Y,Y,Y,,Y,Y,Y,,Y,Y,Y,,,Y,,Y,Y,Y,,,Y,Y,,Y,Y,Y,Y,,Y,Y,Y,,Y,Y,Y,Y,,Y,Y,Y,Y,,,Y,,Y,,X,Y,X,X,,Y,Y,Y,,,Y,,Y,Y,,,X,Y,X,,,Y,Y,Y,,Y,Y,Y,,,Y,,,Y,,,Y,,Y,Y,Y,,,,,,Y,Y,,,Y,,Y,,Y,N,,Y,Y,,Y,Y,,Y,Y,Y,Y,Y,,Y
278709,1983-12-15,38,A/RES/38/83F,,A/38/700,A/38/PV.98,Resumption of ration distribution to Palestine refugees : resolution / adopted by the General Assembly,United Nations Relief and Works Agency for Palestine Refugees in the Near East.,PALESTINE REFUGEES--ASSISTANCE,123.0,19.0,3.0,13.0,158.0,https://digitallibrary.un.org/record/278709,Y,X,Y,,Y,X,Y,,N,A,,Y,Y,Y,Y,Y,N,Y,Y,Y,Y,,,Y,Y,,Y,Y,,Y,,,Y,Y,N,Y,,Y,,Y,Y,Y,Y,X,Y,,,,Y,,,Y,Y,,,Y,,,,,,Y,N,Y,X,Y,Y,Y,Y,Y,,,,Y,,Y,N,N,Y,Y,,Y,,N,Y,Y,Y,X,Y,Y,Y,X,Y,Y,N,Y,Y,,Y,Y,N,N,N,Y,Y,N,Y,,Y,,,Y,,Y,,,,Y,Y,Y,,Y,,,,N,Y,Y,Y,,Y,Y,Y,,Y,Y,Y,,,Y,,Y,Y,Y,,,Y,N,,N,Y,Y,Y,,N,Y,Y,,Y,Y,Y,Y,,Y,Y,A,Y,,,Y,,Y,,X,X,X,X,,Y,Y,Y,,,Y,,Y,Y,,,X,Y,X,,,A,Y,Y,,Y,Y,N,,,Y,,,Y,,,Y,,Y,Y,Y,,,,,,Y,Y,,,Y,,N,,Y,N,,Y,Y,,Y,Y,,Y,Y,Y,X,Y,,Y
278710,1983-12-15,38,A/RES/38/83G,,A/38/700,A/38/PV.98,Population and refugees displaced since 1967 : resolution / adopted by the General Assembly,United Nations Relief and Works Agency for Palestine Refugees in the Near East.,PALESTINE REFUGEES--ASSISTANCE,128.0,2.0,17.0,11.0,158.0,https://digitallibrary.un.org/record/278710,Y,Y,Y,,Y,X,Y,,A,A,,Y,Y,Y,Y,Y,A,Y,Y,Y,Y,,,Y,Y,,Y,Y,,Y,,,Y,Y,A,Y,,Y,,Y,Y,Y,Y,X,Y,,,,Y,,,Y,Y,,,Y,,,,,,Y,A,Y,X,Y,Y,Y,Y,Y,,,,Y,,Y,A,A,Y,Y,,Y,,A,Y,Y,Y,X,Y,Y,Y,X,Y,Y,A,Y,Y,,Y,Y,A,N,A,Y,Y,Y,Y,,Y,,,Y,,Y,,,,Y,Y,Y,,Y,,,,A,Y,Y,Y,,Y,Y,Y,,Y,Y,Y,,,Y,,Y,Y,Y,,,Y,A,,A,Y,Y,Y,,A,Y,Y,,Y,Y,Y,Y,,Y,Y,Y,Y,,,Y,,Y,,X,X,X,X,,Y,Y,Y,,,Y,,Y,Y,,,X,Y,X,,,Y,Y,Y,,Y,Y,A,,,Y,,,Y,,,Y,,Y,Y,Y,,,,,,Y,Y,,,Y,,A,,Y,N,,Y,Y,,Y,Y,,Y,Y,Y,Y,Y,,Y
278711,1983-12-15,38,A/RES/38/83H,,A/38/700,A/38/PV.98,Revenues derived from Palestine refugees properties : resolution / adopted by the General Assembly,United Nations Relief and Works Agency for Palestine Refugees in the Near East.,PALESTINE REFUGEES--ASSISTANCE,125.0,2.0,20.0,11.0,158.0,https://digitallibrary.un.org/record/278711,Y,Y,Y,,Y,X,Y,,A,A,,Y,Y,Y,Y,Y,A,Y,Y,Y,Y,,,Y,Y,,Y,Y,,Y,,,Y,Y,A,Y,,Y,,Y,Y,Y,Y,X,Y,,,,Y,,,Y,Y,,,Y,,,,,,Y,A,Y,X,Y,Y,Y,Y,Y,,,,Y,,Y,A,A,Y,Y,,Y,,A,Y,Y,Y,X,Y,Y,Y,X,Y,Y,A,Y,Y,,Y,Y,A,N,A,Y,Y,A,Y,,Y,,,Y,,Y,,,,Y,Y,A,,Y,,,,A,Y,Y,Y,,Y,Y,Y,,Y,Y,Y,,,Y,,Y,Y,Y,,,Y,A,,A,Y,Y,Y,,A,Y,Y,,Y,Y,Y,Y,,Y,Y,Y,Y,,,Y,,Y,,X,X,X,X,,Y,Y,Y,,,Y,,Y,Y,,,X,Y,X,,,Y,Y,Y,,Y,Y,A,,,Y,,,Y,,,Y,,Y,Y,Y,,,,,,Y,Y,,,Y,,A,,Y,N,,Y,Y,,Y,Y,,Y,Y,Y,A,Y,,Y
278712,1983-12-15,38,A/RES/38/83I,,A/38/700,A/38/PV.98,Protection of Palestine refugees : resolution / adopted by the General Assembly,United Nations Relief and Works Agency for Palestine Refugees in the Near East.,PALESTINE REFUGEES--ASSISTANCE,129.0,2.0,15.0,12.0,158.0,https://digitallibrary.un.org/record/278712,Y,Y,Y,,Y,X,Y,,A,Y,,Y,Y,Y,Y,Y,A,Y,Y,Y,Y,,,Y,Y,,Y,Y,,Y,,,Y,Y,A,Y,,Y,,Y,Y,Y,Y,X,Y,,,,A,,,Y,Y,,,Y,,,,,,Y,A,Y,X,Y,Y,Y,Y,Y,,,,Y,,Y,Y,Y,Y,Y,,Y,,A,Y,Y,Y,X,Y,Y,Y,X,Y,Y,A,Y,Y,,Y,Y,A,N,A,Y,A,Y,Y,,Y,,,Y,,Y,,,,X,Y,Y,,Y,,,,A,Y,Y,Y,,Y,Y,Y,,Y,Y,Y,,,Y,,Y,Y,Y,,,Y,A,,Y,Y,Y,Y,,A,Y,Y,,Y,Y,Y,Y,,Y,Y,A,Y,,,Y,,Y,,X,X,X,X,,Y,Y,Y,,,Y,,Y,Y,,,X,Y,X,,,Y,Y,Y,,Y,Y,Y,,,Y,,,Y,,,Y,,Y,Y,Y,,,,,,Y,Y,,,Y,,A,,Y,N,,Y,Y,,Y,Y,,Y,Y,Y,Y,Y,,Y
278713,1983-12-15,38,A/RES/38/83J,,A/38/700,A/38/PV.98,Palestine refugees in the West Bank : resolution / adopted by the General Assembly,United Nations Relief and Works Agency for Palestine Refugees in the Near East.,PALESTINE REFUGEES--ASSISTANCE,145.0,2.0,0.0,11.0,158.0,https://digitallibrary.un.org/record/278713,Y,Y,Y,,Y,X,Y,,Y,Y,,Y,Y,Y,Y,Y,Y,Y,Y,Y,Y,,,Y,Y,,Y,Y,,Y,,,Y,Y,Y,Y,,Y,,Y,Y,Y,Y,X,Y,,,,Y,,,Y,Y,,,Y,,,,,,Y,Y,Y,X,Y,Y,Y,Y,Y,,,,Y,,Y,Y,Y,Y,Y,,Y,,Y,Y,Y,Y,X,Y,Y,Y,X,Y,Y,Y,Y,Y,,Y,Y,Y,N,Y,Y,Y,Y,Y,,Y,,,Y,,Y,,,,Y,Y,Y,,Y,,,,Y,Y,Y,Y,,Y,Y,Y,,Y,Y,Y,,,Y,,Y,Y,Y,,,Y,Y,,Y,Y,Y,Y,,Y,X,Y,,Y,Y,Y,Y,,Y,Y,Y,Y,,,Y,,Y,,X,Y,X,X,,Y,Y,Y,,,Y,,Y,Y,,,X,Y,X,,,Y,Y,Y,,Y,Y,Y,,,Y,,,Y,,,Y,,Y,Y,Y,,,,,,Y,Y,,,Y,,Y,,Y,N,,Y,Y,,Y,Y,,Y,Y,Y,Y,Y,,Y
278714,1983-12-15,38,A/RES/38/83K,,A/38/700,A/38/PV.98,"University of Jerusalem ""Al-Quds"" for Palestine refugees : resolution / adopted by the General Assembly",United Nations Relief and Works Agency for Palestine Refugees in the Near East.,PALESTINE REFUGEES--ASSISTANCE,146.0,2.0,0.0,10.0,158.0,https://digitallibrary.un.org/record/278714,Y,Y,Y,,Y,X,Y,,Y,Y,,Y,Y,Y,Y,Y,Y,Y,Y,Y,Y,,,Y,Y,,Y,Y,,Y,,,Y,Y,Y,Y,,Y,,Y,Y,Y,Y,X,Y,,,,Y,,,Y,Y,,,Y,,,,,,Y,Y,Y,X,Y,Y,Y,Y,Y,,,,Y,,Y,Y,Y,Y,Y,,Y,,Y,Y,Y,Y,X,Y,Y,Y,X,Y,Y,Y,Y,Y,,Y,Y,Y,N,Y,Y,Y,Y,Y,,Y,,,Y,,Y,,,,Y,Y,Y,,Y,,,,Y,Y,Y,Y,,Y,Y,Y,,Y,Y,Y,,,Y,,Y,Y,Y,,,Y,Y,,Y,Y,Y,Y,,Y,Y,Y,,Y,Y,Y,Y,,Y,Y,Y,Y,,,Y,,Y,,X,Y,X,X,,Y,Y,Y,,,Y,,Y,Y,,,X,Y,X,,,Y,Y,Y,,Y,Y,Y,,,Y,,,Y,,,Y,,Y,Y,Y,,,,,,Y,Y,,,Y,,Y,,Y,N,,Y,Y,,Y,Y,,Y,Y,Y,Y,Y,,Y
278715,1983-12-15,38,A/RES/38/85,,A/38/720,A/38/PV.98,Israel's decision to build a canal linking the Mediterranean Sea to the Dead Sea : resolution / adopted by the General Assembly,Israel's decision to build a canal linking the Mediterranean Sea to the Dead Sea.,TERRITORIES OCCUPIED BY ISRAEL--MEDITERRANEAN-DEAD SEA CANAL PROJECT,141.0,2.0,0.0,15.0,158.0,https://digitallibrary.un.org/record/278715,Y,Y,Y,,Y,X,Y,,Y,Y,,Y,Y,Y,Y,Y,Y,Y,Y,Y,Y,,,Y,Y,,Y,Y,,Y,,,Y,Y,Y,Y,,Y,,Y,Y,Y,Y,X,Y,,,,Y,,,Y,Y,,,Y,,,,,,Y,Y,Y,X,Y,Y,Y,Y,Y,,,,Y,,Y,Y,Y,Y,Y,,Y,,Y,Y,Y,Y,X,Y,Y,Y,X,X,Y,Y,Y,Y,,Y,Y,Y,N,Y,X,Y,Y,Y,,Y,,,Y,,Y,,,,Y,Y,Y,,Y,,,,Y,Y,Y,Y,,Y,Y,Y,,Y,Y,Y,,,Y,,Y,Y,Y,,,Y,Y,,Y,Y,Y,Y,,Y,Y,Y,,Y,Y,Y,Y,,Y,Y,Y,Y,,,Y,,Y,,X,X,X,X,,Y,Y,Y,,,Y,,Y,Y,,,X,Y,X,,,Y,Y,Y,,Y,Y,Y,,,Y,,,Y,,,Y,,Y,Y,Y,,,,,,Y,Y,,,Y,,Y,,Y,N,,Y,Y,,X,Y,,Y,Y,Y,X,Y,,Y
278716,1983-12-16,38,A/RES/38/100,,A/38/680,A/38/PV.100,Situation of human rights and fundamental freedoms in Guatemala : resolution / adopted by the General Assembly,Report of the Economic and Social Council.,UN. ECONOMIC AND SOCIAL COUNCIL--REPORTS,85.0,15.0,44.0,14.0,158.0,https://digitallibrary.un.org/record/278716,Y,X,Y,,Y,X,X,,Y,Y,,A,Y,N,Y,Y,Y,A,Y,A,X,,,Y,N,,Y,Y,,Y,,,A,A,Y,Y,,A,,A,N,A,A,X,Y,,,,A,,,Y,Y,,,Y,,,,,,Y,Y,X,A,A,A,A,N,A,,,,Y,,A,Y,Y,A,Y,,Y,,Y,Y,Y,Y,N,A,Y,Y,N,N,Y,Y,A,N,,Y,Y,Y,N,Y,A,Y,A,A,,Y,,,Y,,Y,,,,A,Y,A,,Y,,,,Y,Y,A,A,,A,Y,Y,,Y,Y,Y,,,Y,,N,Y,A,,,A,Y,,Y,Y,A,Y,,Y,A,N,,A,Y,N,A,,N,Y,Y,Y,,,A,,Y,,X,A,X,X,,Y,Y,Y,,,Y,,Y,A,,,X,X,X,,,Y,A,A,,A,X,Y,,,Y,,,A,,,Y,,A,Y,A,,,,,,Y,Y,,,Y,,Y,,Y,N,,N,Y,,Y,X,,Y,A,Y,A,Y,,Y
278717,1983-12-16,38,A/RES/38/101,,A/38/680,A/38/PV.100,Situation of human rights and fundamental freedoms in El Salvador : resolution / adopted by the General Assembly,Report of the Economic and Social Council.,UN. ECONOMIC AND SOCIAL COUNCIL--REPORTS,84.0,14.0,45.0,15.0,158.0,https://digitallibrary.un.org/record/278717,Y,X,Y,,Y,X,X,,Y,Y,,A,Y,N,A,Y,Y,A,Y,A,X,,,Y,N,,Y,Y,,Y,,,A,A,Y,Y,,A,,A,N,A,A,X,Y,,,,A,,,Y,Y,,,Y,,,,,,Y,Y,X,A,A,A,A,N,A,,,,Y,,A,Y,Y,A,Y,,Y,,A,Y,Y,Y,N,Y,Y,Y,N,N,Y,Y,Y,N,,Y,Y,Y,X,Y,A,Y,A,A,,Y,,,Y,,Y,,,,A,Y,A,,Y,,,,Y,Y,A,A,,A,Y,Y,,Y,Y,Y,,,Y,,A,Y,A,,,A,Y,,Y,Y,A,Y,,Y,A,N,,A,Y,N,A,,N,Y,Y,Y,,,A,,Y,,X,N,X,X,,Y,Y,Y,,,Y,,Y,A,,,X,X,X,,,Y,A,A,,A,X,Y,,,Y,,,A,,,Y,,A,Y,A,,,,,,Y,Y,,,Y,,A,,Y,N,,N,Y,,Y,X,,Y,A,Y,A,Y,,Y
278718,1983-12-16,38,A/RES/38/102,,A/38/680,A/38/PV.100,Situation of human rights and fundamental freedoms in Chile : resolution / adopted by the General Assembly,Report of the Economic and Social Council.,UN. ECONOMIC AND SOCIAL COUNCIL--REPORTS,89.0,17.0,38.0,14.0,158.0,https://digitallibrary.un.org/record/278718,Y,X,Y,,Y,X,X,,Y,Y,,A,Y,N,Y,Y,Y,A,Y,A,X,,,Y,N,,Y,Y,,Y,,,A,A,Y,Y,,A,,A,N,A,A,X,Y,,,,Y,,,Y,Y,,,Y,,,,,,Y,Y,X,A,A,A,A,N,A,,,,Y,,A,Y,Y,A,Y,,Y,,A,Y,Y,Y,N,Y,Y,Y,N,N,Y,Y,Y,N,,Y,Y,Y,N,Y,A,Y,A,A,,Y,,,Y,,Y,,,,N,Y,A,,Y,,,,Y,Y,A,A,,Y,Y,Y,,Y,Y,Y,,,Y,,N,Y,A,,,A,Y,,Y,Y,A,Y,,Y,A,N,,A,Y,N,A,,N,Y,Y,X,,,Y,,Y,,X,A,X,X,,Y,Y,Y,,,Y,,Y,A,,,X,X,X,,,Y,Y,A,,A,Y,Y,,,Y,,,N,,,Y,,A,Y,A,,,,,,Y,Y,,,Y,,A,,Y,N,,N,Y,,Y,X,,Y,A,Y,A,Y,,Y
278719,1983-12-16,38,A/RES/38/107,,A/38/681,A/38/PV.100,Prevention of prostitution : resolution / adopted by the General Assembly,"United Nations Decade for Women : Equality, Development and Peace.",WOMEN--INTERNATIONAL DECADES,121.0,0.0,25.0,12.0,158.0,https://digitallibrary.un.org/record/278719,Y,Y,Y,,Y,X,Y,,A,A,,Y,Y,Y,X,Y,A,Y,Y,Y,Y,,,Y,Y,,Y,Y,,Y,,,Y,Y,A,Y,,Y,,Y,Y,Y,Y,X,Y,,,,Y,,,Y,Y,,,Y,,,,,,Y,A,Y,Y,Y,Y,Y,Y,Y,,,,Y,,Y,A,A,Y,X,,Y,,A,Y,A,Y,Y,Y,Y,Y,Y,Y,Y,A,Y,Y,,Y,Y,A,X,A,Y,Y,Y,Y,,Y,,,Y,,Y,,,,Y,Y,A,,Y,,,,A,Y,Y,Y,,Y,Y,Y,,Y,Y,Y,,,Y,,Y,Y,Y,,,Y,A,,A,Y,Y,A,,A,Y,Y,,Y,Y,Y,Y,,Y,Y,A,Y,,,Y,,Y,,X,Y,X,X,,Y,Y,X,,,A,,Y,Y,,,X,Y,X,,,A,Y,Y,,Y,Y,A,,,Y,,,Y,,,Y,,A,X,Y,,,,,,Y,Y,,,Y,,A,,Y,A,,Y,Y,,Y,Y,,Y,Y,Y,Y,Y,,Y
278720,1983-12-16,38,A/RES/38/108,,A/38/681,A/38/PV.100,Preparations for the World Conference to Review and Appraise the Achievements of the United Nations Decade for Women : resolution / adopted by the General Assembly,Preparations for the World Conference to Review and Appraise the Achievements of the United Nations Decade for Women.,,141.0,2.0,7.0,8.0,158.0,https://digitallibrary.un.org/record/278720,Y,Y,Y,,Y,X,Y,,Y,Y,,Y,Y,Y,X,Y,A,Y,Y,Y,Y,,,Y,Y,,Y,Y,,Y,,,Y,Y,A,Y,,Y,,Y,Y,Y,Y,X,Y,,,,Y,,,Y,Y,,,Y,,,,,,Y,Y,Y,Y,Y,Y,Y,Y,Y,,,,Y,,Y,Y,Y,Y,Y,,Y,,A,Y,Y,Y,Y,Y,Y,Y,Y,Y,Y,Y,Y,Y,,Y,Y,Y,N,A,Y,Y,Y,Y,,Y,,,Y,,Y,,,,Y,Y,Y,,Y,,,,A,Y,Y,Y,,Y,Y,Y,,Y,Y,Y,,,Y,,Y,Y,Y,,,Y,A,,Y,Y,Y,Y,,Y,Y,Y,,Y,Y,Y,Y,,Y,Y,Y,Y,,,Y,,Y,,X,Y,X,X,,Y,Y,Y,,,Y,,Y,Y,,,X,Y,X,,,Y,Y,Y,,Y,Y,Y,,,Y,,,Y,,,Y,,Y,Y,Y,,,,,,Y,Y,,,Y,,A,,Y,N,,Y,Y,,Y,Y,,Y,Y,Y,Y,Y,,Y
278721,1983-12-16,38,A/RES/38/112,,A/38/684,A/38/PV.100,Human rights and scientific and technological developments : resolution / adopted by the General Assembly,Human rights and scientific and technological developments.,SCIENCE AND TECHNOLOGY--HUMAN RIGHTS,125.0,0.0,22.0,11.0,158.0,https://digitallibrary.un.org/record/278721,Y,X,Y,,Y,X,Y,,A,A,,Y,Y,Y,X,Y,A,Y,Y,Y,Y,,,Y,Y,,Y,Y,,Y,,,Y,Y,A,Y,,Y,,Y,Y,Y,Y,X,Y,,,,Y,,,Y,Y,,,Y,,,,,,Y,A,Y,Y,Y,Y,Y,Y,Y,,,,Y,,Y,A,A,Y,Y,,Y,,A,Y,Y,Y,Y,Y,Y,Y,Y,Y,Y,A,Y,Y,,Y,Y,A,A,A,Y,Y,Y,Y,,Y,,,Y,,Y,,,,Y,Y,Y,,Y,,,,A,Y,X,Y,,Y,Y,Y,,Y,Y,Y,,,Y,,Y,Y,Y,,,Y,A,,A,Y,Y,Y,,A,Y,Y,,Y,Y,A,Y,,Y,Y,A,Y,,,Y,,Y,,X,Y,X,X,,Y,Y,Y,,,X,,Y,Y,,,X,Y,X,,,A,Y,Y,,Y,Y,A,,,Y,,,Y,,,Y,,Y,Y,Y,,,,,,Y,Y,,,Y,,A,,Y,A,,Y,Y,,Y,Y,,Y,Y,Y,Y,Y,,Y
278722,1983-12-16,38,A/RES/38/113,,A/38/684,A/38/PV.100,Human rights and use of scientific and technological developments : resolution / adopted by the General Assembly,Human rights and scientific and technological developments.,SCIENCE AND TECHNOLOGY--HUMAN RIGHTS,123.0,0.0,23.0,12.0,158.0,https://digitallibrary.un.org/record/278722,Y,X,Y,,Y,X,Y,,A,A,,Y,Y,Y,X,Y,A,Y,Y,Y,Y,,,Y,Y,,Y,Y,,Y,,,Y,Y,A,Y,,Y,,Y,Y,Y,Y,X,Y,,,,Y,,,Y,Y,,,Y,,,,,,Y,A,Y,Y,Y,Y,Y,Y,Y,,,,Y,,Y,A,A,Y,Y,,Y,,A,Y,Y,Y,Y,Y,Y,Y,Y,Y,Y,A,Y,Y,,Y,Y,A,A,A,Y,Y,A,Y,,Y,,,Y,,Y,,,,Y,Y,Y,,Y,,,,A,Y,X,Y,,Y,Y,Y,,Y,Y,Y,,,Y,,Y,Y,Y,,,Y,A,,A,Y,Y,Y,,A,Y,Y,,Y,Y,X,Y,,Y,Y,A,Y,,,Y,,Y,,X,Y,X,X,,Y,Y,Y,,,X,,Y,Y,,,X,Y,X,,,A,Y,Y,,Y,Y,A,,,Y,,,Y,,,Y,,Y,Y,A,,,,,,Y,Y,,,Y,,A,,Y,A,,Y,Y,,Y,Y,,Y,Y,Y,Y,Y,,Y
278723,1983-12-16,38,A/RES/38/124,,A/38/690,A/38/PV.100,Alternative approaches and ways and means within the United Nations system for improving the effective enjoyment of human rights and fundamental freedoms : resolution / adopted by the General Assembly,Alternative approaches and ways and means within the United Nations System for improving the effective enjoyment of human rights and fundamental freedoms.,HUMAN RIGHTS--ADVANCEMENT,132.0,1.0,13.0,12.0,158.0,https://digitallibrary.un.org/record/278723,Y,X,Y,,Y,X,Y,,Y,Y,,Y,Y,Y,X,Y,Y,Y,Y,Y,Y,,,Y,Y,,Y,Y,,Y,,,Y,Y,A,Y,,X,,Y,Y,Y,Y,X,Y,,,,Y,,,Y,Y,,,Y,,,,,,Y,A,Y,Y,Y,Y,Y,Y,Y,,,,Y,,Y,A,Y,Y,Y,,Y,,A,Y,Y,Y,Y,Y,Y,Y,Y,Y,Y,A,Y,Y,,Y,Y,A,A,Y,Y,Y,A,Y,,Y,,,Y,,Y,,,,Y,Y,Y,,Y,,,,A,Y,Y,Y,,Y,Y,Y,,Y,Y,Y,,,Y,,Y,Y,Y,,,Y,Y,,Y,Y,Y,Y,,A,Y,Y,,Y,Y,Y,Y,,Y,Y,Y,Y,,,Y,,Y,,X,X,X,X,,Y,Y,Y,,,X,,Y,Y,,,X,Y,X,,,Y,Y,Y,,Y,Y,A,,,Y,,,Y,,,Y,,Y,Y,A,,,,,,Y,Y,,,Y,,A,,Y,N,,Y,Y,,Y,Y,,Y,Y,Y,Y,Y,,Y
278724,1983-12-19,38,A/RES/38/128,,A/38/661,A/38/PV.101,Progressive development of the principles and norms of international law relating to the new international economic order : resolution / adopted by the General Assembly,Progressive development of the principles and norms of international law relating to the new international economic order.,NEW INTERNATIONAL ECONOMIC ORDER--LEGAL ASPECTS,110.0,1.0,30.0,17.0,158.0,https://digitallibrary.un.org/record/278724,Y,X,Y,,Y,X,A,,A,Y,,Y,Y,Y,Y,A,A,Y,Y,Y,Y,,,X,Y,,A,Y,,Y,,,Y,Y,A,Y,,X,,Y,A,Y,Y,X,Y,,,,Y,,,Y,Y,,,A,,,,,,Y,A,Y,X,Y,Y,Y,Y,X,,,,Y,,Y,Y,A,Y,Y,,A,,A,Y,Y,X,Y,Y,X,Y,Y,Y,A,A,Y,Y,,Y,Y,A,A,A,Y,Y,A,Y,,Y,,,Y,,A,,,,Y,Y,Y,,Y,,,,A,Y,Y,Y,,Y,Y,Y,,Y,Y,Y,,,A,,Y,Y,Y,,,Y,Y,,A,Y,Y,Y,,A,Y,Y,,Y,Y,Y,Y,,Y,A,A,Y,,,Y,,Y,,X,Y,X,X,,Y,Y,Y,,,X,,Y,Y,,,X,Y,X,,,A,Y,Y,,Y,Y,A,,,Y,,,Y,,,Y,,Y,Y,Y,,,,,,Y,A,,,Y,,A,,Y,N,,Y,A,,X,Y,,Y,Y,Y,Y,Y,,X
278725,1983-12-19,38,A/RES/38/132,,A/38/665,A/38/PV.101,Draft Code of Offences against the Peace and Security of Mankind : resolution / adopted by the General Assembly,Draft Code of Offences against the Peace and Security of Mankind.,PEACE AND SECURITY--CODE OF OFFENCES (DRAFT),128.0,0.0,13.0,17.0,158.0,https://digitallibrary.un.org/record/278725,Y,X,Y,,Y,X,Y,,Y,Y,,Y,Y,Y,Y,Y,A,Y,Y,Y,Y,,,X,Y,,Y,Y,,Y,,,Y,Y,Y,Y,,X,,Y,Y,Y,Y,X,Y,,,,Y,,,Y,Y,,,Y,,,,,,X,Y,Y,X,Y,Y,Y,Y,X,,,,Y,,Y,Y,A,Y,Y,,Y,,A,Y,Y,X,Y,Y,Y,Y,Y,Y,Y,Y,Y,Y,,Y,Y,Y,A,A,Y,Y,A,Y,,Y,,,Y,,Y,,,,Y,Y,Y,,Y,,,,A,Y,Y,Y,,Y,Y,Y,,Y,Y,Y,,,Y,,Y,Y,A,,,Y,A,,Y,Y,Y,Y,,Y,Y,Y,,Y,Y,Y,Y,,Y,Y,Y,Y,,,Y,,Y,,X,Y,X,X,,Y,Y,Y,,,X,,Y,Y,,,X,Y,X,,,A,Y,Y,,Y,Y,Y,,,Y,,,Y,,,Y,,Y,Y,A,,,,,,Y,Y,,,Y,,A,,X,A,,Y,Y,,Y,Y,,Y,Y,Y,Y,Y,,X
278726,1983-12-19,38,A/RES/38/133,,A/38/666,A/38/PV.101,Report of the Special Committee on Enhancing the Effectiveness of the Principle of Non-Use of Force in International Relations : resolution / adopted by the General Assembly,Report of the Special Committee on Enhancing the Effectiveness of the Principle of Non-Use of Force in International Relations.,FORCE IN INTERNATIONAL RELATIONS--REPORTS,119.0,15.0,8.0,16.0,158.0,https://digitallibrary.un.org/record/278726,Y,X,Y,,Y,X,Y,,A,A,,Y,Y,Y,Y,Y,N,Y,Y,Y,Y,,,X,Y,,Y,Y,,Y,,,Y,Y,N,Y,,X,,Y,Y,Y,Y,X,Y,,,,Y,,,Y,Y,,,Y,,,,,,X,N,Y,X,Y,Y,Y,Y,X,,,,Y,,Y,Y,N,Y,Y,,Y,,A,Y,Y,X,Y,Y,Y,Y,Y,Y,Y,N,Y,Y,,Y,Y,A,N,N,A,Y,N,Y,,Y,,,Y,,Y,,,,Y,Y,Y,,Y,,,,N,Y,Y,Y,,Y,Y,Y,,Y,Y,Y,,,Y,,Y,Y,Y,,,Y,N,,A,Y,Y,Y,,N,Y,Y,,Y,Y,Y,Y,,Y,Y,N,Y,,,Y,,Y,,X,Y,X,X,,Y,Y,Y,,,X,,Y,Y,,,X,Y,X,,,N,Y,Y,,Y,Y,A,,,Y,,,Y,,,Y,,Y,Y,A,,,,,,Y,Y,,,Y,,N,,Y,N,,Y,Y,,Y,Y,,Y,Y,Y,Y,Y,,X
278727,1983-12-19,38,A/RES/38/144,,A/38/701,A/38/PV.102,Permanent sovereignty over national resources in the occupied Palestinian and other Arab territories : resolution / adopted by the General Assembly,Report of the Economic and Social Council.,UN. ECONOMIC AND SOCIAL COUNCIL--REPORTS,120.0,2.0,18.0,18.0,158.0,https://digitallibrary.un.org/record/278727,Y,Y,Y,,Y,X,Y,,A,Y,,Y,Y,Y,Y,Y,A,Y,Y,Y,Y,,,Y,Y,,Y,Y,,Y,,,Y,Y,A,Y,,X,,X,Y,Y,Y,X,Y,,,,X,,,Y,Y,,,Y,,,,,,Y,A,Y,X,Y,Y,Y,Y,X,,,,Y,,Y,A,A,Y,Y,,Y,,A,Y,Y,X,X,Y,Y,Y,X,Y,Y,A,Y,Y,,Y,Y,A,N,A,A,Y,Y,Y,,Y,,,Y,,Y,,,,Y,Y,Y,,Y,,,,A,Y,X,Y,,Y,Y,Y,,Y,Y,Y,,,Y,,Y,Y,A,,,Y,A,,A,Y,Y,Y,,A,Y,Y,,Y,Y,Y,Y,,Y,Y,Y,Y,,,Y,,Y,,X,X,Y,X,,Y,Y,Y,,,X,,Y,Y,,,X,Y,X,,,Y,Y,Y,,Y,Y,A,,,Y,,,Y,,,Y,,Y,Y,Y,,,,,,Y,Y,,,Y,,A,,Y,N,,Y,Y,,Y,Y,,Y,Y,Y,Y,Y,,X
278728,1983-12-19,38,A/RES/38/145,,A/38/701,A/38/PV.102,Assistance to the Palestinian people : resolution / adopted by the General Assembly,Report of the Economic and Social Council.,UN. ECONOMIC AND SOCIAL COUNCIL--REPORTS,140.0,2.0,1.0,15.0,158.0,https://digitallibrary.un.org/record/278728,Y,Y,Y,,Y,X,Y,,Y,Y,,Y,Y,Y,Y,Y,Y,Y,Y,Y,Y,,,Y,Y,,Y,Y,,Y,,,Y,Y,Y,Y,,Y,,Y,Y,Y,Y,X,Y,,,,X,,,Y,Y,,,Y,,,,,,Y,Y,Y,X,Y,Y,Y,Y,X,,,,Y,,Y,Y,Y,Y,Y,,Y,,Y,Y,Y,X,X,Y,Y,Y,X,Y,Y,Y,Y,Y,,Y,Y,A,N,Y,Y,Y,Y,Y,,Y,,,Y,,Y,,,,Y,Y,Y,,Y,,,,Y,Y,X,Y,,Y,Y,Y,,Y,Y,Y,,,Y,,Y,Y,Y,,,Y,Y,,Y,Y,Y,Y,,Y,Y,Y,,Y,Y,Y,Y,,Y,Y,Y,Y,,,Y,,Y,,X,Y,Y,X,,Y,Y,Y,,,X,,Y,Y,,,X,Y,X,,,Y,Y,Y,,Y,Y,Y,,,Y,,,Y,,,Y,,Y,Y,Y,,,,,,Y,Y,,,Y,,Y,,Y,N,,Y,Y,,Y,Y,,Y,Y,Y,Y,Y,,X
278729,1983-12-19,38,A/RES/38/150,,A/38/701/Add.1,A/38/PV.102,Transport and Communications Decade in Africa : resolution / adopted by the General Assembly,Report of the Economic and Social Council.,UN. ECONOMIC AND SOCIAL COUNCIL--REPORTS,137.0,1.0,8.0,12.0,158.0,https://digitallibrary.un.org/record/278729,Y,Y,Y,,Y,X,Y,,Y,Y,,Y,Y,Y,Y,A,Y,Y,Y,Y,Y,,,Y,Y,,A,Y,,Y,,,Y,Y,Y,Y,,Y,,Y,Y,Y,Y,X,Y,,,,Y,,,Y,Y,,,A,,,,,,Y,Y,Y,X,Y,Y,Y,Y,Y,,,,Y,,Y,Y,Y,Y,Y,,A,,Y,Y,Y,X,Y,Y,Y,Y,Y,Y,A,Y,Y,Y,,Y,Y,Y,Y,Y,Y,Y,Y,Y,,Y,,,Y,,Y,,,,Y,Y,Y,,Y,,,,Y,Y,X,Y,,Y,Y,Y,,Y,Y,Y,,,X,,Y,Y,Y,,,Y,Y,,Y,Y,Y,Y,,Y,Y,Y,,Y,Y,Y,Y,,Y,A,Y,Y,,,Y,,Y,,X,Y,Y,X,,Y,Y,Y,,,X,,Y,Y,,,X,Y,X,,,Y,Y,Y,,Y,Y,Y,,,Y,,,Y,,,Y,,Y,Y,Y,,,,,,Y,A,,,Y,,Y,,Y,N,,Y,A,,Y,Y,,Y,Y,Y,Y,Y,,X
278730,1983-12-19,38,A/RES/38/154,,A/38/702/Add.2,A/38/PV.102,Development aspects of the reverse transfer technology : resolution / adopted by the General Assembly,Trade and development.,,122.0,21.0,1.0,14.0,158.0,https://digitallibrary.un.org/record/278730,Y,X,Y,,Y,X,Y,,N,N,,Y,Y,Y,Y,Y,N,Y,Y,Y,Y,,,Y,Y,,Y,Y,,Y,,,Y,Y,N,Y,,X,,Y,Y,Y,Y,X,Y,,,,Y,,,Y,Y,,,Y,,,,,,Y,N,Y,X,Y,Y,Y,Y,Y,,,,Y,,Y,N,N,Y,Y,,Y,,N,Y,A,X,Y,Y,Y,Y,Y,Y,Y,N,Y,Y,,Y,Y,N,X,N,Y,Y,N,Y,,Y,,,Y,,Y,,,,Y,Y,Y,,Y,,,,N,Y,Y,Y,,Y,Y,Y,,Y,Y,Y,,,Y,,Y,Y,Y,,,Y,N,,N,Y,Y,Y,,N,Y,Y,,Y,Y,Y,Y,,Y,Y,N,Y,,,Y,,Y,,X,Y,Y,X,,Y,Y,Y,,,X,,Y,Y,,,X,Y,X,,,N,Y,Y,,Y,Y,N,,,Y,,,Y,,,Y,,Y,Y,Y,,,,,,Y,Y,,,Y,,N,,Y,N,,Y,Y,,X,Y,,Y,Y,Y,Y,Y,,X
278731,1983-12-19,38,A/RES/38/162,,A/38/702/Add.7,A/38/PV.102,Remnants of war : resolution / adopted by the General Assembly,Environment.,DESERTIFICATION--PLAN OF ACTION,121.0,0.0,23.0,14.0,158.0,https://digitallibrary.un.org/record/278731,Y,Y,Y,,Y,X,Y,,A,A,,Y,Y,Y,Y,Y,A,Y,Y,Y,Y,,,Y,Y,,Y,Y,,Y,,,Y,Y,A,Y,,Y,,Y,Y,Y,Y,X,Y,,,,Y,,,Y,Y,,,Y,,,,,,Y,A,Y,X,Y,Y,Y,Y,X,,,,Y,,Y,A,A,Y,Y,,Y,,A,Y,A,X,Y,Y,Y,Y,Y,Y,Y,A,Y,Y,,Y,Y,A,X,A,Y,Y,A,Y,,Y,,,Y,,Y,,,,Y,Y,Y,,Y,,,,A,Y,Y,Y,,Y,Y,Y,,Y,Y,Y,,,Y,,Y,Y,Y,,,Y,A,,A,Y,Y,Y,,A,Y,Y,,Y,Y,Y,Y,,Y,Y,A,Y,,,Y,,Y,,X,Y,Y,X,,Y,Y,A,,,X,,Y,X,,,X,Y,X,,,A,Y,Y,,Y,Y,A,,,Y,,,Y,,,Y,,Y,Y,Y,,,,,,Y,Y,,,Y,,A,,Y,A,,Y,Y,,X,Y,,Y,Y,Y,Y,Y,,X
278732,1983-12-19,38,A/RES/38/166,,A/38/702/Add.8,A/38/PV.102,Living conditions of the Palestinian people in the occupied Palestinian territories : resolution / adopted by the General Assembly,Human settlements.,HUMAN SETTLEMENTS,142.0,2.0,0.0,14.0,158.0,https://digitallibrary.un.org/record/278732,Y,Y,Y,,Y,X,Y,,Y,Y,,Y,Y,Y,Y,Y,Y,Y,Y,Y,Y,,,Y,Y,,Y,Y,,Y,,,Y,Y,Y,Y,,Y,,Y,Y,Y,Y,X,Y,,,,X,,,Y,Y,,,Y,,,,,,Y,Y,Y,X,Y,Y,Y,Y,X,,,,Y,,Y,Y,Y,Y,Y,,Y,,Y,Y,Y,X,X,Y,Y,Y,Y,Y,Y,Y,Y,Y,,Y,Y,Y,N,Y,Y,Y,Y,Y,,Y,,,Y,,Y,,,,Y,Y,Y,,Y,,,,Y,Y,Y,Y,,Y,Y,Y,,Y,Y,Y,,,Y,,Y,Y,Y,,,Y,Y,,Y,Y,Y,Y,,Y,Y,Y,,Y,Y,Y,Y,,Y,Y,Y,Y,,,Y,,Y,,X,Y,Y,X,,Y,Y,Y,,,X,,Y,Y,,,X,Y,X,,,Y,Y,Y,,Y,Y,Y,,,Y,,,Y,,,Y,,Y,Y,Y,,,,,,Y,Y,,,Y,,Y,,Y,N,,Y,Y,,X,Y,,Y,Y,Y,Y,Y,,X
278733,1983-12-19,38,A/RES/38/174,,A/38/703,A/38/PV.102,United Nations Special Fund for Land-locked Developing Countries : resolution / adopted by the General Assembly,Operational activities for development.,,123.0,0.0,21.0,14.0,158.0,https://digitallibrary.un.org/record/278733,Y,X,Y,,Y,X,Y,,A,Y,,Y,Y,Y,Y,Y,A,Y,Y,Y,Y,,,Y,Y,,Y,Y,,Y,,,Y,Y,A,Y,,Y,,Y,Y,Y,Y,X,Y,,,,Y,,,Y,Y,,,Y,,,,,,Y,A,Y,X,Y,Y,Y,Y,Y,,,,Y,,Y,A,A,Y,Y,,Y,,A,Y,A,X,Y,Y,Y,Y,X,Y,Y,A,Y,Y,,Y,Y,A,Y,A,Y,Y,A,Y,,Y,,,Y,,Y,,,,Y,Y,Y,,Y,,,,A,Y,Y,Y,,Y,Y,Y,,Y,Y,Y,,,Y,,Y,Y,Y,,,Y,A,,A,Y,Y,Y,,A,Y,X,,Y,Y,Y,Y,,Y,Y,A,Y,,,Y,,Y,,X,Y,Y,X,,Y,Y,Y,,,X,,Y,Y,,,X,Y,X,,,A,Y,Y,,Y,Y,A,,,Y,,,Y,,,Y,,Y,Y,Y,,,,,,Y,Y,,,Y,,A,,Y,A,,Y,Y,,X,Y,,Y,Y,Y,Y,Y,,X
278734,1983-12-19,38,A/RES/38/177,,A/38/704,A/38/PV.102,United Nations Institute for Training and Research : resolution / adopted by the General Assembly,United Nations Institute for Training and Research.,UNITAR--ACTIVITIES,128.0,9.0,6.0,15.0,158.0,https://digitallibrary.un.org/record/278734,Y,X,Y,,Y,X,Y,,A,Y,,Y,Y,Y,Y,N,A,Y,Y,Y,Y,,,Y,Y,,N,Y,,Y,,,Y,Y,Y,Y,,Y,,Y,Y,Y,Y,X,Y,,,,Y,,,Y,Y,,,N,,,,,,Y,Y,Y,X,Y,Y,Y,Y,X,,,,Y,,Y,Y,Y,Y,Y,,N,,Y,Y,Y,X,Y,Y,Y,Y,X,Y,N,Y,Y,Y,,Y,Y,Y,Y,Y,Y,Y,A,Y,,Y,,,Y,,Y,,,,Y,Y,Y,,Y,,,,A,Y,Y,Y,,Y,Y,Y,,Y,Y,Y,,,X,,Y,Y,Y,,,Y,Y,,A,Y,Y,Y,,Y,Y,Y,,Y,Y,Y,Y,,Y,N,Y,Y,,,Y,,Y,,X,Y,Y,X,,Y,Y,Y,,,X,,Y,Y,,,X,Y,X,,,Y,Y,Y,,Y,Y,Y,,,Y,,,Y,,,Y,,Y,Y,Y,,,,,,Y,N,,,Y,,A,,Y,N,,Y,N,,X,Y,,Y,Y,Y,Y,Y,,X
278735,1983-12-19,38,A/RES/38/180A,A/38/L.43|A/38/L.43/Add.1,,A/38/PV.102,The situation in the Middle East : resolution / adopted by the General Assembly,Situation in the Middle East.,MIDDLE EAST SITUATION,85.0,23.0,31.0,19.0,158.0,https://digitallibrary.un.org/record/278735,Y,Y,Y,,Y,X,A,,N,A,,A,Y,Y,A,Y,N,A,Y,Y,A,,,Y,A,,Y,Y,,Y,,,X,Y,N,Y,,Y,,A,N,Y,A,X,Y,,,,N,,,Y,Y,,,Y,,,,,,Y,N,Y,X,A,A,A,A,X,,,,Y,,A,N,N,X,Y,,Y,,N,Y,Y,X,A,Y,Y,Y,N,A,Y,N,Y,Y,,Y,Y,N,N,N,A,A,Y,Y,,Y,,,Y,,Y,,,,Y,X,X,,Y,,,,N,Y,A,Y,,Y,Y,Y,,Y,X,Y,,,Y,,Y,Y,A,,,Y,N,,N,Y,Y,Y,,N,Y,Y,,X,A,A,A,,A,Y,N,Y,,,X,,Y,,X,N,A,X,,Y,Y,Y,,,Y,,Y,A,,,X,Y,X,,,A,Y,Y,,Y,X,N,,,Y,,,A,,,Y,,A,Y,Y,,,,,,Y,Y,,,Y,,N,,Y,N,,A,Y,,X,A,,Y,Y,Y,X,Y,,Y
278736,1983-12-19,38,A/RES/38/180B,A/38/L.44|A/38/L.44/Add.1,,A/38/PV.102,The situation in the Middle East : resolution / adopted by the General Assembly,Situation in the Middle East.,MIDDLE EAST SITUATION,121.0,1.0,20.0,16.0,158.0,https://digitallibrary.un.org/record/278736,Y,Y,Y,,Y,X,Y,,A,Y,,Y,Y,Y,Y,Y,A,Y,Y,Y,Y,,,Y,Y,,Y,Y,,Y,,,Y,Y,A,Y,,Y,,Y,Y,Y,Y,X,Y,,,,Y,,,Y,Y,,,Y,,,,,,Y,A,Y,X,A,Y,Y,Y,X,,,,Y,,Y,A,A,Y,Y,,Y,,A,Y,Y,X,X,Y,Y,Y,Y,Y,Y,A,Y,Y,,Y,Y,A,N,A,Y,Y,Y,Y,,Y,,,Y,,Y,,,,Y,X,X,,Y,,,,A,Y,Y,Y,,Y,Y,Y,,Y,Y,Y,,,Y,,Y,Y,Y,,,Y,A,,A,Y,Y,Y,,A,Y,Y,,X,Y,Y,Y,,Y,Y,Y,Y,,,Y,,Y,,X,A,A,X,,Y,Y,Y,,,Y,,Y,Y,,,X,Y,X,,,Y,Y,Y,,Y,X,A,,,Y,,,Y,,,Y,,Y,Y,Y,,,,,,Y,Y,,,Y,,A,,Y,A,,Y,Y,,X,Y,,Y,Y,Y,X,Y,,Y
