undl_id,date,resolution,draft,meeting,description,agenda,subjects,modality,total_yes,total_no,total_abstentions,total_non_voting,total_ms,ALBANIA,ALGERIA,ANGOLA,ARGENTINA,AUSTRALIA,AUSTRIA,AZERBAIJAN,BAHRAIN,BANGLADESH,BELARUS,BELGIUM,BENIN,BOLIVIA,BOLIVIA (PLURINATIONAL STATE OF),BOSNIA AND HERZEGOVINA,BOTSWANA,BRAZIL,BULGARIA,BURKINA FASO,BURUNDI,CAMEROON,CANADA,CAPE VERDE,CHAD,CHILE,CHINA,COLOMBIA,CONGO,COSTA RICA,CROATIA,CUBA,CZECH REPUBLIC,CZECHOSLOVAKIA,CÔTE D'IVOIRE,DEMOCRATIC YEMEN,DENMARK,DJIBOUTI,DOMINICAN REPUBLIC,ECUADOR,EGYPT,EQUATORIAL GUINEA,ESTONIA,ETHIOPIA,FINLAND,FRANCE,GABON,GAMBIA,GERMAN DEMOCRATIC REPUBLIC,GERMANY,"GERMANY, FEDERAL REPUBLIC OF",GHANA,GREECE,GUATEMALA,GUINEA,GUINEA-BISSAU,GUYANA,HONDURAS,HUNGARY,INDIA,INDONESIA,IRAN (ISLAMIC REPUBLIC OF),IRAQ,IRELAND,ITALY,IVORY COAST,JAMAICA,JAPAN,JORDAN,KAZAKHSTAN,KENYA,KUWAIT,LEBANON,LIBERIA,LIBYAN ARAB JAMAHIRIYA,LIBYAN ARAB REPUBLIC,LITHUANIA,LUXEMBOURG,MADAGASCAR,MALAYSIA,MALI,MALTA,MAURITANIA,MAURITIUS,MEXICO,MOROCCO,MOZAMBIQUE,NAMIBIA,NEPAL,NETHERLANDS,NEW ZEALAND,NICARAGUA,NIGER,NIGERIA,NORWAY,OMAN,PAKISTAN,PANAMA,PARAGUAY,PERU,PHILIPPINES,POLAND,PORTUGAL,QATAR,REPUBLIC OF KOREA,ROMANIA,RUSSIAN FEDERATION,RWANDA,SAINT VINCENT AND THE GRENADINES,SENEGAL,SIERRA LEONE,SINGAPORE,SLOVAKIA,SLOVENIA,SOMALIA,SOUTH AFRICA,SPAIN,SRI LANKA,SUDAN,SWEDEN,SWITZERLAND,SYRIAN ARAB REPUBLIC,THAILAND,TOGO,TRINIDAD AND TOBAGO,TUNISIA,TURKEY,UGANDA,UKRAINE,UNITED ARAB EMIRATES,UNITED ARAB REPUBLIC,UNITED KINGDOM,UNITED REPUBLIC OF TANZANIA,UNITED STATES,URUGUAY,USSR,VENEZUELA,VENEZUELA (BOLIVARIAN REPUBLIC OF),VIET NAM,YEMEN,YUGOSLAVIA,ZAIRE,ZAMBIA,ZIMBABWE
278787,1982-01-28,S/RES/500(1982),,S/PV.2330,Security Council resolution 500 (1982) [on convening of an emergency special session of the General Assembly on territories occupied by Israel],,,Vote,13,0,2,0,15,,,,,,,,,,,,,,,,,,,,,,,,,,Y,,,,,,,,,,,,,,,,,,,Y,,,,,,,,,,,Y,,,,,,,Y,,,,Y,Y,,,,,,,,,,,,,,,,,,,,,,,,,,,,,Y,,,,Y,,,,,,,,,,,,,,,Y,,,,,,,Y,,,,Y,,,,A,,A,,Y,,,,,,Y,,
278788,1982-02-25,S/RES/501(1982),,S/PV.2332,Security Council resolution 501 (1982) [on strengthening of the UN Interim Force in Lebanon],,,Vote,13,0,2,0,15,,,,,,,,,,,,,,,,,,,,,,,,,,Y,,,,,,,,,,,,,,,,,,,Y,,,,,,,,,,,Y,,,,,,,Y,,,,Y,Y,,,,,,,,,,,,,,,,,,,,,,,,,,,,,Y,,,,A,,,,,,,,,,,,,,,Y,,,,,,,Y,,,,Y,,,,Y,,Y,,A,,,,,,Y,,
278789,1982-04-03,S/RES/502(1982),S/14947/Rev.1,S/PV.2350,Security Council resolution 502 (1982) [demanding withdrawal of Argentine forces from the Falkland Islands (Malvinas)],,,Vote,10,1,4,0,15,,,,,,,,,,,,,,,,,,,,,,,,,,A,,,,,,,,,,,,,,,,,,,Y,,,,,,,,,,,Y,,,,,,,Y,,,,Y,Y,,,,,,,,,,,,,,,,,,,,,,,,,,,,,N,,,,A,,,,,,,,,,,,,,,A,,,,,,,Y,,,,Y,,,,Y,,Y,,A,,,,,,Y,,
278790,1982-04-09,S/RES/503(1982),,S/PV.2351,Security Council resolution 503 (1982) [on death sentences imposed on members of the African National Congress of South Africa],,,Vote,15,0,0,0,15,,,,,,,,,,,,,,,,,,,,,,,,,,Y,,,,,,,,,,,,,,,,,,,Y,,,,,,,,,,,Y,,,,,,,Y,,,,Y,Y,,,,,,,,,,,,,,,,,,,,,,,,,,,,,Y,,,,Y,,,,,,,,,,,,,,,Y,,,,,,,Y,,,,Y,,,,Y,,Y,,Y,,,,,,Y,,
278791,1982-04-30,S/RES/504(1982),,S/PV.2358,Security Council resolution 504 (1982) [on establishment of a fund for a peace-keeping force of the Organization of African Unity in Chad],,,Vote,15,0,0,0,15,,,,,,,,,,,,,,,,,,,,,,,,,,Y,,,,,,,,,,,,,,,,,,,Y,,,,,,,,,,,Y,,,,,,,Y,,,,Y,Y,,,,,,,,,,,,,,,,,,,,,,,,,,,,,Y,,,,Y,,,,,,,,,,,,,,,Y,,,,,,,Y,,,,Y,,,,Y,,Y,,Y,,,,,,Y,,
278792,1982-05-26,S/RES/505(1982),,S/PV.2368,Security Council resolution 505 (1982) [requesting the Secretary-General to undertake a renewed mission of good offices for the Falkland Islands (Malvinas)],,,Vote,15,0,0,0,15,,,,,,,,,,,,,,,,,,,,,,,,,,Y,,,,,,,,,,,,,,,,,,,Y,,,,,,,,,,,Y,,,,,,,Y,,,,Y,Y,,,,,,,,,,,,,,,,,,,,,,,,,,,,,Y,,,,Y,,,,,,,,,,,,,,,Y,,,,,,,Y,,,,Y,,,,Y,,Y,,Y,,,,,,Y,,
278793,1982-05-26,S/RES/506(1982),,S/PV.2369,Security Council resolution 506 (1982) [on renewal of the mandate of the UN Disengagement Observer Force],,,Vote,15,0,0,0,15,,,,,,,,,,,,,,,,,,,,,,,,,,Y,,,,,,,,,,,,,,,,,,,Y,,,,,,,,,,,Y,,,,,,,Y,,,,Y,Y,,,,,,,,,,,,,,,,,,,,,,,,,,,,,Y,,,,Y,,,,,,,,,,,,,,,Y,,,,,,,Y,,,,Y,,,,Y,,Y,,Y,,,,,,Y,,
278794,1982-05-28,S/RES/507(1982),,S/PV.2370,Security Council resolution 507 (1982) [on South Africa's military activities against Seychelles],,,Vote,15,0,0,0,15,,,,,,,,,,,,,,,,,,,,,,,,,,Y,,,,,,,,,,,,,,,,,,,Y,,,,,,,,,,,Y,,,,,,,Y,,,,Y,Y,,,,,,,,,,,,,,,,,,,,,,,,,,,,,Y,,,,Y,,,,,,,,,,,,,,,Y,,,,,,,Y,,,,Y,,,,Y,,Y,,Y,,,,,,Y,,
278795,1982-06-05,S/RES/508(1982),,S/PV.2374,Security Council resolution 508 (1982) [on the situation along the Lebanese-Israeli border],,,Vote,15,0,0,0,15,,,,,,,,,,,,,,,,,,,,,,,,,,Y,,,,,,,,,,,,,,,,,,,Y,,,,,,,,,,,Y,,,,,,,Y,,,,Y,Y,,,,,,,,,,,,,,,,,,,,,,,,,,,,,Y,,,,Y,,,,,,,,,,,,,,,Y,,,,,,,Y,,,,Y,,,,Y,,Y,,Y,,,,,,Y,,
278796,1982-06-06,S/RES/509(1982),,S/PV.2375,Security Council resolution 509 (1982) [on the situation along the Lebanese-Israeli border],,,Vote,15,0,0,0,15,,,,,,,,,,,,,,,,,,,,,,,,,,Y,,,,,,,,,,,,,,,,,,,Y,,,,,,,,,,,Y,,,,,,,Y,,,,Y,Y,,,,,,,,,,,,,,,,,,,,,,,,,,,,,Y,,,,Y,,,,,,,,,,,,,,,Y,,,,,,,Y,,,,Y,,,,Y,,Y,,Y,,,,,,Y,,
278797,1982-06-15,S/RES/510(1982),,S/PV.2378,Security Council resolution 510 (1982) [on renewal of the mandate of the UN Peace-keeping Force in Cyprus],,,Vote,15,0,0,0,15,,,,,,,,,,,,,,,,,,,,,,,,,,Y,,,,,,,,,,,,,,,,,,,Y,,,,,,,,,,,Y,,,,,,,Y,,,,Y,Y,,,,,,,,,,,,,,,,,,,,,,,,,,,,,Y,,,,Y,,,,,,,,,,,,,,,Y,,,,,,,Y,,,,Y,,,,Y,,Y,,Y,,,,,,Y,,
278798,1982-06-18,S/RES/511(1982),,S/PV.2379,Security Council resolution 511 (1982) [on renewal of the mandate of the UN Interim Force in Lebanon],,,Vote,13,0,2,0,15,,,,,,,,,,,,,,,,,,,,,,,,,,Y,,,,,,,,,,,,,,,,,,,Y,,,,,,,,,,,Y,,,,,,,Y,,,,Y,Y,,,,,,,,,,,,,,,,,,,,,,,,,,,,,Y,,,,A,,,,,,,,,,,,,,,Y,,,,,,,Y,,,,Y,,,,Y,,Y,,A,,,,,,Y,,
278799,1982-06-19,S/RES/512(1982),,S/PV.2380,Security Council resolution 512 (1982) [on humanitarian assistance for the Lebanese and Palestinian civilian population],,,Vote,15,0,0,0,15,,,,,,,,,,,,,,,,,,,,,,,,,,Y,,,,,,,,,,,,,,,,,,,Y,,,,,,,,,,,Y,,,,,,,Y,,,,Y,Y,,,,,,,,,,,,,,,,,,,,,,,,,,,,,Y,,,,Y,,,,,,,,,,,,,,,Y,,,,,,,Y,,,,Y,,,,Y,,Y,,Y,,,,,,Y,,
278800,1982-07-04,S/RES/513(1982),,S/PV.2382,Security Council resolution 513 (1982) [on the civilian population in Lebanon],,,Vote,15,0,0,0,15,,,,,,,,,,,,,,,,,,,,,,,,,,Y,,,,,,,,,,,,,,,,,,,Y,,,,,,,,,,,Y,,,,,,,Y,,,,Y,Y,,,,,,,,,,,,,,,,,,,,,,,,,,,,,Y,,,,Y,,,,,,,,,,,,,,,Y,,,,,,,Y,,,,Y,,,,Y,,Y,,Y,,,,,,Y,,
278801,1982-07-12,S/RES/514(1982),,S/PV.2383,Security Council resolution 514 (1982) [on the situation between the Islamic Republic of Iran and Iraq],,,Vote,15,0,0,0,15,,,,,,,,,,,,,,,,,,,,,,,,,,Y,,,,,,,,,,,,,,,,,,,Y,,,,,,,,,,,Y,,,,,,,Y,,,,Y,Y,,,,,,,,,,,,,,,,,,,,,,,,,,,,,Y,,,,Y,,,,,,,,,,,,,,,Y,,,,,,,Y,,,,Y,,,,Y,,Y,,Y,,,,,,Y,,
278802,1982-07-29,S/RES/515(1982),S/15325,S/PV.2385,Security Council resolution 515 (1982) [on Israeli policy towards civilian persons in Lebanon],The situation in the Middle East.,,Vote,14,0,0,1,15,,,,,,,,,,,,,,,,,,,,,,,,,,Y,,,,,,,,,,,,,,,,,,,Y,,,,,,,,,,,Y,,,,,,,Y,,,,Y,Y,,,,,,,,,,,,,,,,,,,,,,,,,,,,,Y,,,,Y,,,,,,,,,,,,,,,Y,,,,,,,Y,,,,Y,,,,Y,,X,,Y,,,,,,Y,,
278803,1982-08-01,S/RES/516(1982),,S/PV.2386,Security Council resolution 516 (1982) [on deployment of UN observers in Beirut],,,Vote,15,0,0,0,15,,,,,,,,,,,,,,,,,,,,,,,,,,Y,,,,,,,,,,,,,,,,,,,Y,,,,,,,,,,,Y,,,,,,,Y,,,,Y,Y,,,,,,,,,,,,,,,,,,,,,,,,,,,,,Y,,,,Y,,,,,,,,,,,,,,,Y,,,,,,,Y,,,,Y,,,,Y,,Y,,Y,,,,,,Y,,
278804,1982-08-04,S/RES/517(1982),,S/PV.2389,"Security Council resolution 517 (1982) [on Israeli invasion of Beirut, 3 Aug. 1982]",,,Vote,14,0,1,0,15,,,,,,,,,,,,,,,,,,,,,,,,,,Y,,,,,,,,,,,,,,,,,,,Y,,,,,,,,,,,Y,,,,,,,Y,,,,Y,Y,,,,,,,,,,,,,,,,,,,,,,,,,,,,,Y,,,,Y,,,,,,,,,,,,,,,Y,,,,,,,Y,,,,Y,,,,Y,,A,,Y,,,,,,Y,,
278805,1982-08-12,S/RES/518(1982),,S/PV.2392,Security Council resolution 518 (1982) [on Israeli military activities in Lebanon],,,Vote,15,0,0,0,15,,,,,,,,,,,,,,,,,,,,,,,,,,Y,,,,,,,,,,,,,,,,,,,Y,,,,,,,,,,,Y,,,,,,,Y,,,,Y,Y,,,,,,,,,,,,,,,,,,,,,,,,,,,,,Y,,,,Y,,,,,,,,,,,,,,,Y,,,,,,,Y,,,,Y,,,,Y,,Y,,Y,,,,,,Y,,
278806,1982-08-17,S/RES/519(1982),,S/PV.2393,Security Council resolution 519 (1982) [on renewal of the mandate of the UN Interim Force in Lebanon],,,Vote,13,0,2,0,15,,,,,,,,,,,,,,,,,,,,,,,,,,Y,,,,,,,,,,,,,,,,,,,Y,,,,,,,,,,,Y,,,,,,,Y,,,,Y,Y,,,,,,,,,,,,,,,,,,,,,,,,,,,,,Y,,,,A,,,,,,,,,,,,,,,Y,,,,,,,Y,,,,Y,,,,Y,,Y,,A,,,,,,Y,,
278807,1982-09-17,S/RES/520(1982),,S/PV.2395,Security Council resolution 520 (1982) [on violations of the cease-fires agreements between Israel and Lebanon],,,Vote,15,0,0,0,15,,,,,,,,,,,,,,,,,,,,,,,,,,Y,,,,,,,,,,,,,,,,,,,Y,,,,,,,,,,,Y,,,,,,,Y,,,,Y,Y,,,,,,,,,,,,,,,,,,,,,,,,,,,,,Y,,,,Y,,,,,,,,,,,,,,,Y,,,,,,,Y,,,,Y,,,,Y,,Y,,Y,,,,,,Y,,
278808,1982-09-19,S/RES/521(1982),,S/PV.2396,Security Council resolution 521 (1982) [on the massacre of Palestinian civilians in the Sabra and Shatila refugee camps],,,Vote,15,0,0,0,15,,,,,,,,,,,,,,,,,,,,,,,,,,Y,,,,,,,,,,,,,,,,,,,Y,,,,,,,,,,,Y,,,,,,,Y,,,,Y,Y,,,,,,,,,,,,,,,,,,,,,,,,,,,,,Y,,,,Y,,,,,,,,,,,,,,,Y,,,,,,,Y,,,,Y,,,,Y,,Y,,Y,,,,,,Y,,
278809,1982-10-04,S/RES/522(1982),,S/PV.2399,Security Council resolution 522 (1982) [calling for a cease-fire in the conflict between the Islamic Republic of Iran and Iraq],,,Vote,15,0,0,0,15,,,,,,,,,,,,,,,,,,,,,,,,,,Y,,,,,,,,,,,,,,,,,,,Y,,,,,,,,,,,Y,,,,,,,Y,,,,Y,Y,,,,,,,,,,,,,,,,,,,,,,,,,,,,,Y,,,,Y,,,,,,,,,,,,,,,Y,,,,,,,Y,,,,Y,,,,Y,,Y,,Y,,,,,,Y,,
278810,1982-10-18,S/RES/523(1982),,S/PV.2400,Security Council resolution 523 (1982) [on extension of the mandate of the UN Interim Force in Lebanon],,,Vote,13,0,2,0,15,,,,,,,,,,,,,,,,,,,,,,,,,,Y,,,,,,,,,,,,,,,,,,,Y,,,,,,,,,,,Y,,,,,,,Y,,,,Y,Y,,,,,,,,,,,,,,,,,,,,,,,,,,,,,Y,,,,A,,,,,,,,,,,,,,,Y,,,,,,,Y,,,,Y,,,,Y,,Y,,A,,,,,,Y,,
278811,1982-11-29,S/RES/524(1982),,S/PV.2403,Security Council resolution 524 (1982) [on renewal of the mandate of the UN Disengagement Observer Force],,,Vote,15,0,0,0,15,,,,,,,,,,,,,,,,,,,,,,,,,,Y,,,,,,,,,,,,,,,,,,,Y,,,,,,,,,,,Y,,,,,,,Y,,,,Y,Y,,,,,,,,,,,,,,,,,,,,,,,,,,,,,Y,,,,Y,,,,,,,,,,,,,,,Y,,,,,,,Y,,,,Y,,,,Y,,Y,,Y,,,,,,Y,,
278812,1982-12-07,S/RES/525(1982),,S/PV.2404,Security Council resolution 525 (1982) [on death sentences imposed on members of the African National Congress of South Africa],,,Vote,15,0,0,0,15,,,,,,,,,,,,,,,,,,,,,,,,,,Y,,,,,,,,,,,,,,,,,,,Y,,,,,,,,,,,Y,,,,,,,Y,,,,Y,Y,,,,,,,,,,,,,,,,,,,,,,,,,,,,,Y,,,,Y,,,,,,,,,,,,,,,Y,,,,,,,Y,,,,Y,,,,Y,,Y,,Y,,,,,,Y,,
278813,1982-12-14,S/RES/526(1982),,S/PV.2405,Security Council resolution 526 (1982) [on renewal of the mandate of the UN Peace-keeping Force in Cyprus],,,Vote,15,0,0,0,15,,,,,,,,,,,,,,,,,,,,,,,,,,Y,,,,,,,,,,,,,,,,,,,Y,,,,,,,,,,,Y,,,,,,,Y,,,,Y,Y,,,,,,,,,,,,,,,,,,,,,,,,,,,,,Y,,,,Y,,,,,,,,,,,,,,,Y,,,,,,,Y,,,,Y,,,,Y,,Y,,Y,,,,,,Y,,
278814,1982-12-15,S/RES/527(1982),,S/PV.2407,Security Council resolution 527 (1982) [on South Africa's military actions against Lesotho],,,Vote,15,0,0,0,15,,,,,,,,,,,,,,,,,,,,,,,,,,Y,,,,,,,,,,,,,,,,,,,Y,,,,,,,,,,,Y,,,,,,,Y,,,,Y,Y,,,,,,,,,,,,,,,,,,,,,,,,,,,,,Y,,,,Y,,,,,,,,,,,,,,,Y,,,,,,,Y,,,,Y,,,,Y,,Y,,Y,,,,,,Y,,
278815,1982-12-21,S/RES/528(1982),,S/PV.2410,Security Council resolution 528 (1982) [on inclusion of Arabic among the official and working languages of the Security Council],,,Vote,15,0,0,0,15,,,,,,,,,,,,,,,,,,,,,,,,,,Y,,,,,,,,,,,,,,,,,,,Y,,,,,,,,,,,Y,,,,,,,Y,,,,Y,Y,,,,,,,,,,,,,,,,,,,,,,,,,,,,,Y,,,,Y,,,,,,,,,,,,,,,Y,,,,,,,Y,,,,Y,,,,Y,,Y,,Y,,,,,,Y,,
278817,1983-01-18,S/RES/529(1983),,S/PV.2411,Security Council resolution 529 (1983) [on renewal of the mandate of the UN Interim Force in Lebanon],,,Vote,13,0,2,0,15,,,,,,,,,,,,,,,,,,,,,,,,,,Y,,,,,,,,,,,,,,,,,,,Y,,,,,,,,,,,Y,,,,,,,,,,,,Y,,,,,,,,,,,,,Y,,,,,,,,Y,,Y,,,,,Y,,,,,A,,,,,,,,,,,,,,,,,,,,,,Y,,,,,,,,Y,,Y,,A,,,,,,Y,,Y
278818,1983-05-19,S/RES/530(1983),,S/PV.2437,Security Council resolution 530 (1983) [on the situation in Central America],,,Vote,15,0,0,0,15,,,,,,,,,,,,,,,,,,,,,,,,,,Y,,,,,,,,,,,,,,,,,,,Y,,,,,,,,,,,Y,,,,,,,,,,,,Y,,,,,,,,,,,,,Y,,,,,,,,Y,,Y,,,,,Y,,,,,Y,,,,,,,,,,,,,,,,,,,,,,Y,,,,,,,,Y,,Y,,Y,,,,,,Y,,Y
278820,1983-05-26,S/RES/531(1983),,S/PV.2445,Security Council resolution 531 (1983) [on renewal of the mandate of the UN Disengagement Observer Force],,,Vote,15,0,0,0,15,,,,,,,,,,,,,,,,,,,,,,,,,,Y,,,,,,,,,,,,,,,,,,,Y,,,,,,,,,,,Y,,,,,,,,,,,,Y,,,,,,,,,,,,,Y,,,,,,,,Y,,Y,,,,,Y,,,,,Y,,,,,,,,,,,,,,,,,,,,,,Y,,,,,,,,Y,,Y,,Y,,,,,,Y,,Y
278821,1983-05-31,S/RES/532(1983),,S/PV.2449,Security Council resolution 532 (1983) [on implementation of Security Council resolution 435 (1978) on the Namibia question],,,Vote,15,0,0,0,15,,,,,,,,,,,,,,,,,,,,,,,,,,Y,,,,,,,,,,,,,,,,,,,Y,,,,,,,,,,,Y,,,,,,,,,,,,Y,,,,,,,,,,,,,Y,,,,,,,,Y,,Y,,,,,Y,,,,,Y,,,,,,,,,,,,,,,,,,,,,,Y,,,,,,,,Y,,Y,,Y,,,,,,Y,,Y
278822,1983-06-07,S/RES/533(1983),,S/PV.2452,Security Council resolution 533 (1983) [on death sentences imposed on 3 members of the African National Congress],,,Vote,15,0,0,0,15,,,,,,,,,,,,,,,,,,,,,,,,,,Y,,,,,,,,,,,,,,,,,,,Y,,,,,,,,,,,Y,,,,,,,,,,,,Y,,,,,,,,,,,,,Y,,,,,,,,Y,,Y,,,,,Y,,,,,Y,,,,,,,,,,,,,,,,,,,,,,Y,,,,,,,,Y,,Y,,Y,,,,,,Y,,Y
278823,1983-06-15,S/RES/534(1983),,S/PV.2453,Security Council resolution 534 (1983) [on extension of the mandate of the UN Peace-keeping Forces in Cyprus],,,Vote,15,0,0,0,15,,,,,,,,,,,,,,,,,,,,,,,,,,Y,,,,,,,,,,,,,,,,,,,Y,,,,,,,,,,,Y,,,,,,,,,,,,Y,,,,,,,,,,,,,Y,,,,,,,,Y,,Y,,,,,Y,,,,,Y,,,,,,,,,,,,,,,,,,,,,,Y,,,,,,,,Y,,Y,,Y,,,,,,Y,,Y
278824,1983-06-29,S/RES/535(1983),,S/PV.2455,Security Council resolution 535 (1983) [on UN Mission to Lesotho],,,Vote,15,0,0,0,15,,,,,,,,,,,,,,,,,,,,,,,,,,Y,,,,,,,,,,,,,,,,,,,Y,,,,,,,,,,,Y,,,,,,,,,,,,Y,,,,,,,,,,,,,Y,,,,,,,,Y,,Y,,,,,Y,,,,,Y,,,,,,,,,,,,,,,,,,,,,,Y,,,,,,,,Y,,Y,,Y,,,,,,Y,,Y
278825,1983-07-18,S/RES/536(1983),,S/PV.2456,Security Council resolution 536 (1983) [on extension of the mandate of the UN Interim Force in Lebanon],,,Vote,13,0,2,0,15,,,,,,,,,,,,,,,,,,,,,,,,,,Y,,,,,,,,,,,,,,,,,,,Y,,,,,,,,,,,Y,,,,,,,,,,,,Y,,,,,,,,,,,,,Y,,,,,,,,Y,,Y,,,,,Y,,,,,A,,,,,,,,,,,,,,,,,,,,,,Y,,,,,,,,Y,,Y,,A,,,,,,Y,,Y
278826,1983-09-22,S/RES/537(1983),,S/PV.2479,Security Council resolution 537 (1983) [on admission of Saints Kitts and Nevis to membership in the United Nations],,,Vote,15,0,0,0,15,,,,,,,,,,,,,,,,,,,,,,,,,,Y,,,,,,,,,,,,,,,,,,,Y,,,,,,,,,,,Y,,,,,,,,,,,,Y,,,,,,,,,,,,,Y,,,,,,,,Y,,Y,,,,,Y,,,,,Y,,,,,,,,,,,,,,,,,,,,,,Y,,,,,,,,Y,,Y,,Y,,,,,,Y,,Y
278827,1983-10-18,S/RES/538(1983),,S/PV.2480,Security Council resolution 538 (1983) [on extension of the mandate of the UN Interim Force in Lebanon],,,Vote,13,0,2,0,15,,,,,,,,,,,,,,,,,,,,,,,,,,Y,,,,,,,,,,,,,,,,,,,Y,,,,,,,,,,,Y,,,,,,,,,,,,Y,,,,,,,,,,,,,Y,,,,,,,,Y,,Y,,,,,Y,,,,,A,,,,,,,,,,,,,,,,,,,,,,Y,,,,,,,,Y,,Y,,A,,,,,,Y,,Y
278828,1983-10-28,S/RES/539(1983),,S/PV.2492,Security Council resolution 539 (1983) [rejecting South Africa's insistence on linking the independence of Namibia to irrelevant and extraneous issues as incompatible with resolution 435 (1978)],,,Vote,14,0,1,0,15,,,,,,,,,,,,,,,,,,,,,,,,,,Y,,,,,,,,,,,,,,,,,,,Y,,,,,,,,,,,Y,,,,,,,,,,,,Y,,,,,,,,,,,,,Y,,,,,,,,Y,,Y,,,,,Y,,,,,Y,,,,,,,,,,,,,,,,,,,,,,Y,,,,,,,,Y,,A,,Y,,,,,,Y,,Y
278829,1983-10-31,S/RES/540(1983),,S/PV.2493,Security Council resolution 540 (1983) [on the situation between the Islamic Republic of Iran and Iraq],,,Vote,12,0,3,0,15,,,,,,,,,,,,,,,,,,,,,,,,,,Y,,,,,,,,,,,,,,,,,,,Y,,,,,,,,,,,Y,,,,,,,,,,,,Y,,,,,,,,,,,,,A,,,,,,,,Y,,A,,,,,A,,,,,Y,,,,,,,,,,,,,,,,,,,,,,Y,,,,,,,,Y,,Y,,Y,,,,,,Y,,Y
278830,1983-11-18,S/RES/541(1983),,S/PV.2500,Security Council resolution 541 (1983) [on declaration by the Turkish Cypriot community of its secession from Cyprus],,,Vote,13,1,1,0,15,,,,,,,,,,,,,,,,,,,,,,,,,,Y,,,,,,,,,,,,,,,,,,,Y,,,,,,,,,,,Y,,,,,,,,,,,,A,,,,,,,,,,,,,Y,,,,,,,,Y,,Y,,,,,N,,,,,Y,,,,,,,,,,,,,,,,,,,,,,Y,,,,,,,,Y,,Y,,Y,,,,,,Y,,Y
278831,1983-11-23,S/RES/542(1983),,S/PV.2501,Security Council resolution 542 (1983) [on the situation in northern Lebanon],,,Vote,15,0,0,0,15,,,,,,,,,,,,,,,,,,,,,,,,,,Y,,,,,,,,,,,,,,,,,,,Y,,,,,,,,,,,Y,,,,,,,,,,,,Y,,,,,,,,,,,,,Y,,,,,,,,Y,,Y,,,,,Y,,,,,Y,,,,,,,,,,,,,,,,,,,,,,Y,,,,,,,,Y,,Y,,Y,,,,,,Y,,Y
278832,1983-11-29,S/RES/543(1983),,S/PV.2502,Security Council resolution 543 (1983) [on renewal of the mandate of the UN Disengagement Observer Force],,,Vote,15,0,0,0,15,,,,,,,,,,,,,,,,,,,,,,,,,,Y,,,,,,,,,,,,,,,,,,,Y,,,,,,,,,,,Y,,,,,,,,,,,,Y,,,,,,,,,,,,,Y,,,,,,,,Y,,Y,,,,,Y,,,,,Y,,,,,,,,,,,,,,,,,,,,,,Y,,,,,,,,Y,,Y,,Y,,,,,,Y,,Y
278833,1983-12-15,S/RES/544(1983),,S/PV.2503,Security Council resolution 544 (1983) [on extension of the mandate of the UN Peace-keeping Force in Cyprus],,,Vote,15,0,0,0,15,,,,,,,,,,,,,,,,,,,,,,,,,,Y,,,,,,,,,,,,,,,,,,,Y,,,,,,,,,,,Y,,,,,,,,,,,,Y,,,,,,,,,,,,,Y,,,,,,,,Y,,Y,,,,,Y,,,,,Y,,,,,,,,,,,,,,,,,,,,,,Y,,,,,,,,Y,,Y,,Y,,,,,,Y,,Y
278834,1983-12-20,S/RES/545(1983),,S/PV.2508,Security Council resolution 545 (1983) [on South Africa's occupation of Angolan territory],,,Vote,14,0,1,0,15,,,,,,,,,,,,,,,,,,,,,,,,,,Y,,,,,,,,,,,,,,,,,,,Y,,,,,,,,,,,Y,,,,,,,,,,,,Y,,,,,,,,,,,,,Y,,,,,,,,Y,,Y,,,,,Y,,,,,Y,,,,,,,,,,,,,,,,,,,,,,Y,,,,,,,,Y,,A,,Y,,,,,,Y,,Y
279755,1984-01-06,S/RES/546(1984),,S/PV.2511,Security Council resolution 546 (1984) [on South Africa's military attacks on Angola],,,Vote,13,0,2,0,15,,,,,,,,,,,,,,,,,,,Y,,,,,,,Y,,,,,,,,,,,,,,Y,,,,,Y,,,,,,,,,,,,,,Y,,,,,,,,,,,,,,,,,,,,,,Y,,,,,,,,Y,,Y,,,,,Y,,,Y,,,,,,,,,,,,,,,,,,,,,,,,,,,,,Y,,,A,,A,,Y,,,,,,,,Y
279756,1984-01-12,S/RES/547(1984),,S/PV.2512,Security Council resolution 547 (1984) [on death sentence imposed on Malesela Benjamin Moloise],,,Vote,15,0,0,0,15,,,,,,,,,,,,,,,,,,,Y,,,,,,,Y,,,,,,,,,,,,,,Y,,,,,Y,,,,,,,,,,,,,,Y,,,,,,,,,,,,,,,,,,,,,,Y,,,,,,,,Y,,Y,,,,,Y,,,Y,,,,,,,,,,,,,,,,,,,,,,,,,,,,,Y,,,Y,,Y,,Y,,,,,,,,Y
279757,1984-02-24,S/RES/548(1984),,S/PV.2518,Security Council resolution 548 (1984) [on admission of Brunei Darussalam to membership in the United Nations],,,Vote,15,0,0,0,15,,,,,,,,,,,,,,,,,,,Y,,,,,,,Y,,,,,,,,,,,,,,Y,,,,,Y,,,,,,,,,,,,,,Y,,,,,,,,,,,,,,,,,,,,,,Y,,,,,,,,Y,,Y,,,,,Y,,,Y,,,,,,,,,,,,,,,,,,,,,,,,,,,,,Y,,,Y,,Y,,Y,,,,,,,,Y
279758,1984-04-19,S/RES/549(1984),,S/PV.2530,Security Council resolution 549 (1984) [on extension of the mandate of the UN Interim Force in Lebanon],,,Vote,13,0,2,0,15,,,,,,,,,,,,,,,,,,,Y,,,,,,,Y,,,,,,,,,,,,,,Y,,,,,Y,,,,,,,,,,,,,,Y,,,,,,,,,,,,,,,,,,,,,,Y,,,,,,,,Y,,Y,,,,,Y,,,Y,,,,,,,,,,,,,,,,,,,,,,,,,,,,,A,,,Y,,Y,,A,,,,,,,,Y
279759,1984-05-11,S/RES/550(1984),,S/PV.2539,Security Council resolution 550 (1984) [on secessionist actions in Cyprus],,,Vote,13,1,1,0,15,,,,,,,,,,,,,,,,,,,Y,,,,,,,Y,,,,,,,,,,,,,,Y,,,,,Y,,,,,,,,,,,,,,Y,,,,,,,,,,,,,,,,,,,,,,Y,,,,,,,,Y,,Y,,,,,N,,,Y,,,,,,,,,,,,,,,,,,,,,,,,,,,,,Y,,,Y,,A,,Y,,,,,,,,Y
279760,1984-05-30,S/RES/551(1984),,S/PV.2544,Security Council resolution 551 (1984) [on renewal of the mandate of the UN Disengagement Observer Force],,,Vote,15,0,0,0,15,,,,,,,,,,,,,,,,,,,Y,,,,,,,Y,,,,,,,,,,,,,,Y,,,,,Y,,,,,,,,,,,,,,Y,,,,,,,,,,,,,,,,,,,,,,Y,,,,,,,,Y,,Y,,,,,Y,,,Y,,,,,,,,,,,,,,,,,,,,,,,,,,,,,Y,,,Y,,Y,,Y,,,,,,,,Y
279761,1984-06-01,S/RES/552(1984),,S/PV.2546,Security Council resolution 552 (1984) [on attacks on commercial ships in the Gulf region],,,Vote,13,0,2,0,15,,,,,,,,,,,,,,,,,,,Y,,,,,,,Y,,,,,,,,,,,,,,Y,,,,,Y,,,,,,,,,,,,,,Y,,,,,,,,,,,,,,,,,,,,,,Y,,,,,,,,Y,,A,,,,,Y,,,Y,,,,,,,,,,,,,,,,,,,,,,,,,,,,,Y,,,Y,,Y,,Y,,,,,,,,A
279762,1984-06-15,S/RES/553(1984),,S/PV.2547,Security Council resolution 553 (1984) [on extension of the mandate of the UN Peace-keeping Force in Cyprus],,,Vote,15,0,0,0,15,,,,,,,,,,,,,,,,,,,Y,,,,,,,Y,,,,,,,,,,,,,,Y,,,,,Y,,,,,,,,,,,,,,Y,,,,,,,,,,,,,,,,,,,,,,Y,,,,,,,,Y,,Y,,,,,Y,,,Y,,,,,,,,,,,,,,,,,,,,,,,,,,,,,Y,,,Y,,Y,,Y,,,,,,,,Y
279763,1984-08-17,S/RES/554(1984),,S/PV.2551,"Security Council resolution 554 (1984) <on the ""new constitution"" of South Africa>",,,Vote,13,0,2,0,15,,,,,,,,,,,,,,,,,,,Y,,,,,,,Y,,,,,,,,,,,,,,Y,,,,,Y,,,,,,,,,,,,,,Y,,,,,,,,,,,,,,,,,,,,,,Y,,,,,,,,Y,,Y,,,,,Y,,,Y,,,,,,,,,,,,,,,,,,,,,,,,,,,,,Y,,,A,,A,,Y,,,,,,,,Y
279764,1984-10-12,S/RES/555(1984),,S/PV.2559,Security Council resolution 555 (1984) [on extension of the mandate of the UN Interim Force in Lebanon],,,Vote,13,0,2,0,15,,,,,,,,,,,,,,,,,,,Y,,,,,,,Y,,,,,,,,,,,,,,Y,,,,,Y,,,,,,,,,,,,,,Y,,,,,,,,,,,,,,,,,,,,,,Y,,,,,,,,Y,,Y,,,,,Y,,,Y,,,,,,,,,,,,,,,,,,,,,,,,,,,,,A,,,Y,,Y,,A,,,,,,,,Y
279765,1984-10-23,S/RES/556(1984),,S/PV.2560,Security Council resolution 556 (1984) [demanding the immediate eradication of apartheid],,,Vote,14,0,1,0,15,,,,,,,,,,,,,,,,,,,Y,,,,,,,Y,,,,,,,,,,,,,,Y,,,,,Y,,,,,,,,,,,,,,Y,,,,,,,,,,,,,,,,,,,,,,Y,,,,,,,,Y,,Y,,,,,Y,,,Y,,,,,,,,,,,,,,,,,,,,,,,,,,,,,Y,,,Y,,A,,Y,,,,,,,,Y
279766,1984-11-28,S/RES/557(1984),,S/PV.2563,Security Council resolution 557 (1984) [on renewal of the mandate of the UN Disengagement Observer Force],,,Vote,15,0,0,0,15,,,,,,,,,,,,,,,,,,,Y,,,,,,,Y,,,,,,,,,,,,,,Y,,,,,Y,,,,,,,,,,,,,,Y,,,,,,,,,,,,,,,,,,,,,,Y,,,,,,,,Y,,Y,,,,,Y,,,Y,,,,,,,,,,,,,,,,,,,,,,,,,,,,,Y,,,Y,,Y,,Y,,,,,,,,Y
279767,1984-12-13,S/RES/558(1984),,S/PV.2564,Security Council resolution 558 (1984) [on arms embargo against South Africa],,,Vote,15,0,0,0,15,,,,,,,,,,,,,,,,,,,Y,,,,,,,Y,,,,,,,,,,,,,,Y,,,,,Y,,,,,,,,,,,,,,Y,,,,,,,,,,,,,,,,,,,,,,Y,,,,,,,,Y,,Y,,,,,Y,,,Y,,,,,,,,,,,,,,,,,,,,,,,,,,,,,Y,,,Y,,Y,,Y,,,,,,,,Y
279768,1984-12-13,S/RES/559(1984),,S/PV.2565,Security Council resolution 559 (1984) [on extension of the mandate of the UN Peace-keeping Force in Cyprus],,,Vote,15,0,0,0,15,,,,,,,,,,,,,,,,,,,Y,,,,,,,Y,,,,,,,,,,,,,,Y,,,,,Y,,,,,,,,,,,,,,Y,,,,,,,,,,,,,,,,,,,,,,Y,,,,,,,,Y,,Y,,,,,Y,,,Y,,,,,,,,,,,,,,,,,,,,,,,,,,,,,Y,,,Y,,Y,,Y,,,,,,,,Y
279769,1985-03-12,S/RES/560(1985),,S/PV.2574,Security Council resolution 560 (1985) [condemning the arbitrary arrests of members of the United Democratic Front in South Africa],,APARTHEID,Vote,15,0,0,0,15,,,,,Y,,,,,,,,,,,,,,Y,,,,,,,Y,,,,,,,,,,Y,,,,Y,,,,,Y,,,,,,,,,,,,,,Y,,,,,,,,,,,,,,,,,,,Y,,,,,,,,,,,,,,,,,,,,,Y,,,,,,,,,,,,,,,,,,,,,,,Y,,Y,,,,Y,,,Y,,Y,,Y,,,,,,,,
279770,1985-04-17,S/RES/561(1985),,S/PV.2575,Security Council resolution 561 (1985) [on extension of the mandate of the UN Interim Force in Lebanon],,MIDDLE EAST SITUATION|UN INTERIM FORCE IN LEBANON,Vote,13,0,2,0,15,,,,,Y,,,,,,,,,,,,,,Y,,,,,,,Y,,,,,,,,,,Y,,,,Y,,,,,Y,,,,,,,,,,,,,,Y,,,,,,,,,,,,,,,,,,,Y,,,,,,,,,,,,,,,,,,,,,Y,,,,,,,,,,,,,,,,,,,,,,,Y,,Y,,,,A,,,Y,,Y,,A,,,,,,,,
279771,1985-05-10,S/RES/562(1985),,S/PV.2580,Security Council resolution 562 (1985) [on the situation in Nicaragua],Letter dated 6 May 1985 from the Permanent Representative of Nicaragua to the United Nations addressed to the President of the Security-Council (S/17156).,NICARAGUA SITUATION,Vote,15,0,0,0,15,,,,,Y,,,,,,,,,,,,,,Y,,,,,,,Y,,,,,,,,,,Y,,,,Y,,,,,Y,,,,,,,,,,,,,,Y,,,,,,,,,,,,,,,,,,,Y,,,,,,,,,,,,,,,,,,,,,Y,,,,,,,,,,,,,,,,,,,,,,,Y,,Y,,,,Y,,,Y,,Y,,Y,,,,,,,,
279772,1985-05-21,S/RES/563(1985),,S/PV.2581,Security Council resolution 563 (1985) [on extension of the mandate of the UN Disengagement Observer Force],,MIDDLE EAST SITUATION|UN DISENGAGEMENT OBSERVER FORCE,Vote,15,0,0,0,15,,,,,Y,,,,,,,,,,,,,,Y,,,,,,,Y,,,,,,,,,,Y,,,,Y,,,,,Y,,,,,,,,,,,,,,Y,,,,,,,,,,,,,,,,,,,Y,,,,,,,,,,,,,,,,,,,,,Y,,,,,,,,,,,,,,,,,,,,,,,Y,,Y,,,,Y,,,Y,,Y,,Y,,,,,,,,
279773,1985-05-31,S/RES/564(1985),,S/PV.2582,Security Council resolution 564 (1985) [on humanitarian assistance to civilian persons in Lebanon],,LEBANON SITUATION,Vote,15,0,0,0,15,,,,,Y,,,,,,,,,,,,,,Y,,,,,,,Y,,,,,,,,,,Y,,,,Y,,,,,Y,,,,,,,,,,,,,,Y,,,,,,,,,,,,,,,,,,,Y,,,,,,,,,,,,,,,,,,,,,Y,,,,,,,,,,,,,,,,,,,,,,,Y,,Y,,,,Y,,,Y,,Y,,Y,,,,,,,,
279774,1985-06-14,S/RES/565(1985),,S/PV.2591,Security Council resolution 565 (1985) [on extension of the mandate of the UN Peace-keeping Force in Cyprus],,CYPRUS QUESTION|UN FORCE IN CYPRUS,Vote,15,0,0,0,15,,,,,Y,,,,,,,,,,,,,,Y,,,,,,,Y,,,,,,,,,,Y,,,,Y,,,,,Y,,,,,,,,,,,,,,Y,,,,,,,,,,,,,,,,,,,Y,,,,,,,,,,,,,,,,,,,,,Y,,,,,,,,,,,,,,,,,,,,,,,Y,,Y,,,,Y,,,Y,,Y,,Y,,,,,,,,
279775,1985-06-19,S/RES/566(1985),,S/PV.2595,Security Council resolution 566 (1985) [condemning South Africa for its installation of a so-called interim government in Windhoek],,NAMIBIA QUESTION,Vote,13,0,2,0,15,,,,,Y,,,,,,,,,,,,,,Y,,,,,,,Y,,,,,,,,,,Y,,,,Y,,,,,Y,,,,,,,,,,,,,,Y,,,,,,,,,,,,,,,,,,,Y,,,,,,,,,,,,,,,,,,,,,Y,,,,,,,,,,,,,,,,,,,,,,,Y,,Y,,,,Y,,,A,,A,,Y,,,,,,,,
279776,1985-06-20,S/RES/567(1985),,S/PV.2597,Security Council resolution 567 (1985) [on South Africa's military activities against Angola],,ANGOLA--SOUTH AFRICA,Vote,15,0,0,0,15,,,,,Y,,,,,,,,,,,,,,Y,,,,,,,Y,,,,,,,,,,Y,,,,Y,,,,,Y,,,,,,,,,,,,,,Y,,,,,,,,,,,,,,,,,,,Y,,,,,,,,,,,,,,,,,,,,,Y,,,,,,,,,,,,,,,,,,,,,,,Y,,Y,,,,Y,,,Y,,Y,,Y,,,,,,,,
279777,1985-06-21,S/RES/568(1985),,S/PV.2599,Security Council resolution 568 (1985) [on South Africa's military activities against Botswana],Letter dated 17 June 1985 from the Permanent Representative of Botswana to the United Nations addressed to the President of the Security Council (S/17279).,BOTSWANA--SOUTH AFRICA,Vote,15,0,0,0,15,,,,,Y,,,,,,,,,,,,,,Y,,,,,,,Y,,,,,,,,,,Y,,,,Y,,,,,Y,,,,,,,,,,,,,,Y,,,,,,,,,,,,,,,,,,,Y,,,,,,,,,,,,,,,,,,,,,Y,,,,,,,,,,,,,,,,,,,,,,,Y,,Y,,,,Y,,,Y,,Y,,Y,,,,,,,,
279778,1985-07-26,S/RES/569(1985),,S/PV.2602,Security Council resolution 569 (1985) [on sanctions against South Africa],,APARTHEID,Vote,13,0,2,0,15,,,,,Y,,,,,,,,,,,,,,Y,,,,,,,Y,,,,,,,,,,Y,,,,Y,,,,,Y,,,,,,,,,,,,,,Y,,,,,,,,,,,,,,,,,,,Y,,,,,,,,,,,,,,,,,,,,,Y,,,,,,,,,,,,,,,,,,,,,,,Y,,Y,,,,Y,,,A,,A,,Y,,,,,,,,
279779,1985-09-12,S/RES/570(1985),,S/PV.2604,Security Council resolution 570 (1985) [on election of members of the International Court of Justice],,UN. INTERNATIONAL COURT OF JUSTICE--MEMBERS,Vote,15,0,0,0,15,,,,,Y,,,,,,,,,,,,,,Y,,,,,,,Y,,,,,,,,,,Y,,,,Y,,,,,Y,,,,,,,,,,,,,,Y,,,,,,,,,,,,,,,,,,,Y,,,,,,,,,,,,,,,,,,,,,Y,,,,,,,,,,,,,,,,,,,,,,,Y,,Y,,,,Y,,,Y,,Y,,Y,,,,,,,,
279780,1985-09-20,S/RES/571(1985),,S/PV.2607,Security Council resolution 571 (1985) [on South Africa's military activities against Angola],,ANGOLA--SOUTH AFRICA,Vote,15,0,0,0,15,,,,,Y,,,,,,,,,,,,,,Y,,,,,,,Y,,,,,,,,,,Y,,,,Y,,,,,Y,,,,,,,,,,,,,,Y,,,,,,,,,,,,,,,,,,,Y,,,,,,,,,,,,,,,,,,,,,Y,,,,,,,,,,,,,,,,,,,,,,,Y,,Y,,,,Y,,,Y,,Y,,Y,,,,,,,,
279781,1985-09-30,S/RES/572(1985),,S/PV.2609,Security Council resolution 572 (1985) [on international relief to Botswana],Letter dated 26 September 1985 from the Permanent Representative of Botswana to the United Nations addressed to the President of the Security Council (S/17497).,BOTSWANA--SOUTH AFRICA,Vote,15,0,0,0,15,,,,,Y,,,,,,,,,,,,,,Y,,,,,,,Y,,,,,,,,,,Y,,,,Y,,,,,Y,,,,,,,,,,,,,,Y,,,,,,,,,,,,,,,,,,,Y,,,,,,,,,,,,,,,,,,,,,Y,,,,,,,,,,,,,,,,,,,,,,,Y,,Y,,,,Y,,,Y,,Y,,Y,,,,,,,,
279782,1985-10-04,S/RES/573(1985),,S/PV.2615,"Security Council resolution 573 (1985) [on an Israeli air raid over Tunisia, 1 Oct. 1985]",Letter dated 1 October 1985 from the Permanent Representative of Tunisia to the United Nations addressed to the President of the Security Council (S/17509).,PALESTINE QUESTION|TERRITORIES OCCUPIED BY ISRAEL,Vote,14,0,1,0,15,,,,,Y,,,,,,,,,,,,,,Y,,,,,,,Y,,,,,,,,,,Y,,,,Y,,,,,Y,,,,,,,,,,,,,,Y,,,,,,,,,,,,,,,,,,,Y,,,,,,,,,,,,,,,,,,,,,Y,,,,,,,,,,,,,,,,,,,,,,,Y,,Y,,,,Y,,,Y,,A,,Y,,,,,,,,
279783,1985-10-07,S/RES/574(1985),,S/PV.2617,Security Council resolution 574 (1985) [on South Africa's military activities against Angola],Complaint by Angola against South Africa.,ANGOLA--SOUTH AFRICA,Vote,15,0,0,0,15,,,,,Y,,,,,,,,,,,,,,Y,,,,,,,Y,,,,,,,,,,Y,,,,Y,,,,,Y,,,,,,,,,,,,,,Y,,,,,,,,,,,,,,,,,,,Y,,,,,,,,,,,,,,,,,,,,,Y,,,,,,,,,,,,,,,,,,,,,,,Y,,Y,,,,Y,,,Y,,Y,,Y,,,,,,,,
279784,1985-10-17,S/RES/575(1985),,S/PV.2623,Security Council resolution 575 (1985) [on extension of the mandate of the UN Interim Force in Lebanon],The situation in the Middle East.,MIDDLE EAST SITUATION|UN INTERIM FORCE IN LEBANON,Vote,13,0,2,0,15,,,,,Y,,,,,,,,,,,,,,Y,,,,,,,Y,,,,,,,,,,Y,,,,Y,,,,,Y,,,,,,,,,,,,,,Y,,,,,,,,,,,,,,,,,,,Y,,,,,,,,,,,,,,,,,,,,,Y,,,,,,,,,,,,,,,,,,,,,,,Y,,Y,,,,A,,,Y,,Y,,A,,,,,,,,
279785,1985-10-21,S/RES/576(1985),,S/PV.2630,Security Council resolution 576 (1985) [on extension of the mandate of the UN Disengagement Observer Force],The situation in the Middle East.,MIDDLE EAST SITUATION|UN DISENGAGEMENT OBSERVER FORCE,Vote,15,0,0,0,15,,,,,Y,,,,,,,,,,,,,,Y,,,,,,,Y,,,,,,,,,,Y,,,,Y,,,,,Y,,,,,,,,,,,,,,Y,,,,,,,,,,,,,,,,,,,Y,,,,,,,,,,,,,,,,,,,,,Y,,,,,,,,,,,,,,,,,,,,,,,Y,,Y,,,,Y,,,Y,,Y,,Y,,,,,,,,
279917,1985-12-06,S/RES/577(1985),,S/PV.2631,Security Council resolution 577 (1985) [on South Africa's military activities against Angola],Complaint by Angola against South Africa.,ANGOLA--SOUTH AFRICA,Vote,15,0,0,0,15,,,,,Y,,,,,,,,,,,,,,Y,,,,,,,Y,,,,,,,,,,Y,,,,Y,,,,,Y,,,,,,,,,,,,,,Y,,,,,,,,,,,,,,,,,,,Y,,,,,,,,,,,,,,,,,,,,,Y,,,,,,,,,,,,,,,,,,,,,,,Y,,Y,,,,Y,,,Y,,Y,,Y,,,,,,,,
279918,1985-12-12,S/RES/578(1985),,S/PV.2635,Security Council resolution 578 (1985) [on extension of the mandate of the UN Peace-keeping Force in Cyprus],The situation in Cyprus.,CYPRUS QUESTION|UN FORCE IN CYPRUS,Vote,15,0,0,0,15,,,,,Y,,,,,,,,,,,,,,Y,,,,,,,Y,,,,,,,,,,Y,,,,Y,,,,,Y,,,,,,,,,,,,,,Y,,,,,,,,,,,,,,,,,,,Y,,,,,,,,,,,,,,,,,,,,,Y,,,,,,,,,,,,,,,,,,,,,,,Y,,Y,,,,Y,,,Y,,Y,,Y,,,,,,,,
279919,1985-12-18,S/RES/579(1985),,S/PV.2637,Security Council resolution 579 (1985) [on hostage-taking and abduction],Letter dated 16 December 1985 from the Permanent Representative of the United States of America to the United Nations addressed to the President of the Security Council (S/17685).,HOSTAGE-TAKING,Vote,15,0,0,0,15,,,,,Y,,,,,,,,,,,,,,Y,,,,,,,Y,,,,,,,,,,Y,,,,Y,,,,,Y,,,,,,,,,,,,,,Y,,,,,,,,,,,,,,,,,,,Y,,,,,,,,,,,,,,,,,,,,,Y,,,,,,,,,,,,,,,,,,,,,,,Y,,Y,,,,Y,,,Y,,Y,,Y,,,,,,,,
279920,1985-12-30,S/RES/580(1985),,S/PV.2639,Security Council resolution 580 (1985) [on South Africa's military activities against Lesotho and compensation for Lesotho],Complaint by Lesotho against South Africa.,LESOTHO--SOUTH AFRICA,Vote,15,0,0,0,15,,,,,Y,,,,,,,,,,,,,,Y,,,,,,,Y,,,,,,,,,,Y,,,,Y,,,,,Y,,,,,,,,,,,,,,Y,,,,,,,,,,,,,,,,,,,Y,,,,,,,,,,,,,,,,,,,,,Y,,,,,,,,,,,,,,,,,,,,,,,Y,,Y,,,,Y,,,Y,,Y,,Y,,,,,,,,
280153,1981-05-22,S/RES/485(1981),S/14484,S/PV.2278,Security Council resolution 485 (1981) [on renewal of the mandate of the UN Disengagement Observer Force],The situation in the Middle East.,,Vote,14,0,0,1,15,,,,,,,,,,,,,,,,,,,,,,,,,,X,,,,,,,,,,,,,,,,,,,Y,,,Y,,,,,,,,,,,,,,,Y,,,,Y,,,,,,,,,,,,,,,,,Y,,,,,,,,Y,,,,,Y,,,Y,,,,,,,,,,,,,,,,Y,,,,,,,,,Y,,Y,,,,Y,,Y,,Y,,,,,,,,
280154,1981-06-04,S/RES/486(1981),S/PV.2279|S/14500,S/PV.2279,Security Council resolution 486 (1981) [on extension of the stationing in Cyprus of the UN Peace-keeping Force],The situation in Cyprus.,,Vote,14,0,0,1,15,,,,,,,,,,,,,,,,,,,,,,,,,,X,,,,,,,,,,,,,,,,,,,Y,,,Y,,,,,,,,,,,,,,,Y,,,,Y,,,,,,,,,,,,,,,,,Y,,,,,,,,Y,,,,,Y,,,Y,,,,,,,,,,,,,,,,Y,,,,,,,,,Y,,Y,,,,Y,,Y,,Y,,,,,,,,
280155,1981-06-19,S/RES/487(1981),,S/PV.2288,Security Council resolution 487 (1981) [on the Israeli military attack on Iraqi nuclear facilities],,,Vote,15,0,0,0,15,,,,,,,,,,,,,,,,,,,,,,,,,,Y,,,,,,,,,,,,,,,,,,,Y,,,Y,,,,,,,,,,,,,,,Y,,,,Y,,,,,,,,,,,,,,,,,Y,,,,,,,,Y,,,,,Y,,,Y,,,,,,,,,,,,,,,,Y,,,,,,,,,Y,,Y,,,,Y,,Y,,Y,,,,,,,,
280156,1981-06-19,S/RES/488(1981),S/14557,S/PV.2289,Security Council resolution 488 (1981) [on renewal of the mandate of the UN Interim Force in Lebanon],The situation in the Middle East.,,Vote,12,0,2,1,15,,,,,,,,,,,,,,,,,,,,,,,,,,X,,,,,,,,,,,,,,,,,,,Y,,,A,,,,,,,,,,,,,,,Y,,,,Y,,,,,,,,,,,,,,,,,Y,,,,,,,,Y,,,,,Y,,,Y,,,,,,,,,,,,,,,,Y,,,,,,,,,Y,,Y,,,,Y,,Y,,A,,,,,,,,
280157,1981-07-08,S/RES/489(1981),,S/PV.2291,Security Council resolution 489 (1981) [on admission of Vanuatu to membership in the United Nations],,,Vote,15,0,0,0,15,,,,,,,,,,,,,,,,,,,,,,,,,,Y,,,,,,,,,,,,,,,,,,,Y,,,Y,,,,,,,,,,,,,,,Y,,,,Y,,,,,,,,,,,,,,,,,Y,,,,,,,,Y,,,,,Y,,,Y,,,,,,,,,,,,,,,,Y,,,,,,,,,Y,,Y,,,,Y,,Y,,Y,,,,,,,,
280158,1981-07-21,S/RES/490(1981),,S/PV.2293,Security Council resolution 490 (1981) [calling for an immediate cessation of all armed attacks in Lebanon],,,Vote,15,0,0,0,15,,,,,,,,,,,,,,,,,,,,,,,,,,Y,,,,,,,,,,,,,,,,,,,Y,,,Y,,,,,,,,,,,,,,,Y,,,,Y,,,,,,,,,,,,,,,,,Y,,,,,,,,Y,,,,,Y,,,Y,,,,,,,,,,,,,,,,Y,,,,,,,,,Y,,Y,,,,Y,,Y,,Y,,,,,,,,
280159,1981-09-23,S/RES/491(1981),,S/PV.2302,Security Council resolution 491 (1981) [on admission of Belize to membership in the United Nations],,,Vote,15,0,0,0,15,,,,,,,,,,,,,,,,,,,,,,,,,,Y,,,,,,,,,,,,,,,,,,,Y,,,Y,,,,,,,,,,,,,,,Y,,,,Y,,,,,,,,,,,,,,,,,Y,,,,,,,,Y,,,,,Y,,,Y,,,,,,,,,,,,,,,,Y,,,,,,,,,Y,,Y,,,,Y,,Y,,Y,,,,,,,,
280160,1981-11-10,S/RES/492(1981),,S/PV.2309,Security Council resolution 492 (1981) [on admission of Antigua and Barbuda to membership in the United Nations],,,Vote,15,0,0,0,15,,,,,,,,,,,,,,,,,,,,,,,,,,Y,,,,,,,,,,,,,,,,,,,Y,,,Y,,,,,,,,,,,,,,,Y,,,,Y,,,,,,,,,,,,,,,,,Y,,,,,,,,Y,,,,,Y,,,Y,,,,,,,,,,,,,,,,Y,,,,,,,,,Y,,Y,,,,Y,,Y,,Y,,,,,,,,
280161,1981-11-23,S/RES/493(1981),S/14761,S/PV.2311,Security Council resolution 493 (1981) [on renewal of the mandate of the UN Disengagement Observer Force],The situation in the Middle East.,,Vote,14,0,0,1,15,,,,,,,,,,,,,,,,,,,,,,,,,,X,,,,,,,,,,,,,,,,,,,Y,,,Y,,,,,,,,,,,,,,,Y,,,,Y,,,,,,,,,,,,,,,,,Y,,,,,,,,Y,,,,,Y,,,Y,,,,,,,,,,,,,,,,Y,,,,,,,,,Y,,Y,,,,Y,,Y,,Y,,,,,,,,
280162,1981-12-11,S/RES/494(1981),,S/PV.2312,Security Council resolution 494 (1981) [on appointment of Javier Pérez de Cuéllar as Secretary-General of the United Nations],,,Vote,15,0,0,0,15,,,,,,,,,,,,,,,,,,,,,,,,,,Y,,,,,,,,,,,,,,,,,,,Y,,,Y,,,,,,,,,,,,,,,Y,,,,Y,,,,,,,,,,,,,,,,,Y,,,,,,,,Y,,,,,Y,,,Y,,,,,,,,,,,,,,,,Y,,,,,,,,,Y,,Y,,,,Y,,Y,,Y,,,,,,,,
280163,1981-12-14,S/RES/495(1981),,S/PV.2313,Security Council resolution 495 (1981) [on renewal of the mandate of the UN Peace-keeping Force in Cyprus],,,Vote,15,0,0,0,15,,,,,,,,,,,,,,,,,,,,,,,,,,Y,,,,,,,,,,,,,,,,,,,Y,,,Y,,,,,,,,,,,,,,,Y,,,,Y,,,,,,,,,,,,,,,,,Y,,,,,,,,Y,,,,,Y,,,Y,,,,,,,,,,,,,,,,Y,,,,,,,,,Y,,Y,,,,Y,,Y,,Y,,,,,,,,
280164,1981-12-15,S/RES/496(1981),,S/PV.2314,Security Council resolution 496 (1981) [deciding to send a commission of inquiry to Seychelles],,,Vote,15,0,0,0,15,,,,,,,,,,,,,,,,,,,,,,,,,,Y,,,,,,,,,,,,,,,,,,,Y,,,Y,,,,,,,,,,,,,,,Y,,,,Y,,,,,,,,,,,,,,,,,Y,,,,,,,,Y,,,,,Y,,,Y,,,,,,,,,,,,,,,,Y,,,,,,,,,Y,,Y,,,,Y,,Y,,Y,,,,,,,,
280165,1981-12-17,S/RES/497(1981),,S/PV.2319,Security Council resolution 497 (1981) [on annexation of the Golan Heights],,,Vote,15,0,0,0,15,,,,,,,,,,,,,,,,,,,,,,,,,,Y,,,,,,,,,,,,,,,,,,,Y,,,Y,,,,,,,,,,,,,,,Y,,,,Y,,,,,,,,,,,,,,,,,Y,,,,,,,,Y,,,,,Y,,,Y,,,,,,,,,,,,,,,,Y,,,,,,,,,Y,,Y,,,,Y,,Y,,Y,,,,,,,,
280166,1981-12-18,S/RES/498(1981),,S/PV.2320,Security Council resolution 498 (1981) [on renewal of the mandate of the UN Interim Force in Lebanon],,,Vote,13,0,2,0,15,,,,,,,,,,,,,,,,,,,,,,,,,,Y,,,,,,,,,,,,,,,,,,,Y,,,A,,,,,,,,,,,,,,,Y,,,,Y,,,,,,,,,,,,,,,,,Y,,,,,,,,Y,,,,,Y,,,Y,,,,,,,,,,,,,,,,Y,,,,,,,,,Y,,Y,,,,Y,,Y,,A,,,,,,,,
280167,1981-12-21,S/RES/499(1981),,S/PV.2321,Security Council resolution 499 (1981) [on election of members of the International Court of Justice],,,Vote,15,0,0,0,15,,,,,,,,,,,,,,,,,,,,,,,,,,Y,,,,,,,,,,,,,,,,,,,Y,,,Y,,,,,,,,,,,,,,,Y,,,,Y,,,,,,,,,,,,,,,,,Y,,,,,,,,Y,,,,,Y,,,Y,,,,,,,,,,,,,,,,Y,,,,,,,,,Y,,Y,,,,Y,,Y,,Y,,,,,,,,
280168,1980-01-09,S/RES/462(1980),,S/PV.2190,Security Council resolution 462 (1980) [deciding to call an emergency special session of the General Assembly on the Afghanistan situation],,,Vote,12,2,1,0,15,,,,,,,,,Y,,,,,,,,,,,,,,,,,Y,,,,,,,,,,,,,,,,,,,Y,,,N,,,,,,,,,,,,,,,,,,Y,,,,,,,,,,,,,,,,,,Y,,,,,,,,Y,,Y,,,,,,Y,,Y,,,,,,,,,,,,,,,,,,,,,,,Y,,,,,,Y,,Y,,N,,,,,,,A,
280169,1980-02-02,S/RES/463(1980),S/13777/Rev.1,S/PV.2196,Security Council resolution 463 (1980) [calling upon United Kingdom to create conditions in Southern Rhodesia which will ensure free and fair elections],Question concerning the situation in Southern Rhodesia.,,Vote,14,0,0,1,15,,,,,,,,,Y,,,,,,,,,,,,,,,,,Y,,,,,,,,,,,,,,,,,,,Y,,,Y,,,,,,,,,,,,,,,,,,Y,,,,,,,,,,,,,,,,,,Y,,,,,,,,Y,,Y,,,,,,Y,,Y,,,,,,,,,,,,,,,,,,,,,,,Y,,,,,,X,,Y,,Y,,,,,,,Y,
280170,1980-02-19,S/RES/464(1980),S/13805,S/PV.2198,Security Council resolution 464 (1980) [on admission of Saint Vincent and the Grenadines to membership in the United Nations],,,Vote,15,0,0,0,15,,,,,,,,,Y,,,,,,,,,,,,,,,,,Y,,,,,,,,,,,,,,,,,,,Y,,,Y,,,,,,,,,,,,,,,,,,Y,,,,,,,,,,,,,,,,,,Y,,,,,,,,Y,,Y,,,,,,Y,,Y,,,,,,,,,,,,,,,,,,,,,,,Y,,,,,,Y,,Y,,Y,,,,,,,Y,
280171,1980-03-01,S/RES/465(1980),,S/PV.2203,Security Council resolution 465 (1980) [on Israeli settlement policies in the occupied territories],,,Vote,15,0,0,0,15,,,,,,,,,Y,,,,,,,,,,,,,,,,,Y,,,,,,,,,,,,,,,,,,,Y,,,Y,,,,,,,,,,,,,,,,,,Y,,,,,,,,,,,,,,,,,,Y,,,,,,,,Y,,Y,,,,,,Y,,Y,,,,,,,,,,,,,,,,,,,,,,,Y,,,,,,Y,,Y,,Y,,,,,,,Y,
